"Name","Length","LastWriteTime"
"9B16N001.docx","143997","12/3/2023 11:12:16 PM"
"9B17A001.docx","2767002","12/3/2023 11:12:17 PM"
"9B17A002.docx","553481","12/3/2023 11:12:17 PM"
"9B17A003.docx","341993","12/3/2023 11:12:28 PM"
"9B17A005.docx","285072","12/3/2023 11:12:17 PM"
"9B17A006.docx","841781","12/3/2023 11:12:17 PM"
"9B17A007.docx","71975","12/3/2023 11:12:17 PM"
"9B17A008.docx","411854","12/3/2023 11:12:17 PM"
"9B17A009.docx","64211","12/3/2023 11:12:17 PM"
"9B17A010.docx","91158","12/3/2023 11:12:18 PM"
"9B17A012.docx","95507","12/3/2023 11:12:18 PM"
"9B17A013.docx","90851","12/3/2023 11:12:18 PM"
"9B17A014.docx","742143","12/3/2023 11:12:18 PM"
"9B17A015.docx","1313519","12/3/2023 11:12:18 PM"
"9B17A016.docx","76512","12/3/2023 11:12:18 PM"
"9B17A017.docx","927732","12/3/2023 11:12:18 PM"
"9B17A018.docx","271095","12/3/2023 11:12:18 PM"
"9B17A019.docx","1335559","12/3/2023 11:12:19 PM"
"9B17A020.docx","308386","12/3/2023 11:12:19 PM"
"9B17A021.docx","89589","12/3/2023 11:12:19 PM"
"9B17A022.docx","76286","12/3/2023 11:12:19 PM"
"9B17A023.docx","89149","12/3/2023 11:12:19 PM"
"9B17A024.docx","746259","12/3/2023 11:12:19 PM"
"9B17A025.docx","119828","12/3/2023 11:12:20 PM"
"9B17A026.docx","158178","12/3/2023 11:12:20 PM"
"9B17A027.docx","132554","12/3/2023 11:12:20 PM"
"9B17A028.docx","640152","12/3/2023 11:12:20 PM"
"9B17A029.docx","124486","12/3/2023 11:12:20 PM"
"9B17A030.docx","101572","12/3/2023 11:12:20 PM"
"9B17A031.docx","1072806","12/3/2023 11:12:20 PM"
"9B17A032.docx","81542","12/3/2023 11:12:21 PM"
"9B17A033.docx","1086204","12/3/2023 11:12:21 PM"
"9B17A034.docx","71519","12/3/2023 11:12:21 PM"
"9B17A035.docx","1389855","12/3/2023 11:12:21 PM"
"9B17A036.docx","176176","12/3/2023 11:12:21 PM"
"9B17A037.docx","1924497","12/3/2023 11:12:22 PM"
"9B17A038.docx","464030","12/3/2023 11:12:22 PM"
"9B17A039.docx","406129","12/3/2023 11:12:22 PM"
"9B17A040.docx","1328334","12/3/2023 11:12:23 PM"
"9B17A041.docx","184081","12/3/2023 11:12:23 PM"
"9B17A042.docx","427844","12/3/2023 11:12:23 PM"
"9B17A043.docx","2616611","12/3/2023 11:12:23 PM"
"9B17A044.docx","75773","12/3/2023 11:12:24 PM"
"9B17A045.docx","111804","12/3/2023 11:12:24 PM"
"9B17A046.docx","2122229","12/3/2023 11:12:24 PM"
"9B17A047.docx","72203","12/3/2023 11:12:24 PM"
"9B17A048.docx","183524","12/3/2023 11:12:24 PM"
"9B17A049.docx","2670088","12/3/2023 11:12:25 PM"
"9B17A050.docx","93662","12/3/2023 11:12:25 PM"
"9B17A051.docx","1253322","12/3/2023 11:12:25 PM"
"9B17A052.docx","69137","12/3/2023 11:12:25 PM"
"9B17A053.docx","69763","12/3/2023 11:12:26 PM"
"9B17A054.docx","94382","12/3/2023 11:12:26 PM"
"9B17A055.docx","3131589","12/3/2023 11:12:26 PM"
"9B17A056.docx","71349","12/3/2023 11:12:26 PM"
"9B17A057.docx","113342","12/3/2023 11:12:26 PM"
"9B17A058.docx","706751","12/3/2023 11:12:26 PM"
"9B17A059.docx","373124","12/3/2023 11:12:26 PM"
"9B17A060.docx","233617","12/3/2023 11:12:27 PM"
"9B17A061.docx","3341458","12/3/2023 11:12:27 PM"
"9B17A062.docx","1937537","12/3/2023 11:12:27 PM"
"9B17A063.docx","244218","12/3/2023 11:12:27 PM"
"9B17A064.docx","149083","12/3/2023 11:12:27 PM"
"9B17A065.docx","80049","12/3/2023 11:12:27 PM"
"9B17A066.docx","395499","12/3/2023 11:12:28 PM"
"9B17A067.docx","93899","12/3/2023 11:12:28 PM"
"9B17A069.docx","415949","12/3/2023 11:12:28 PM"
"9B17B001.docx","260433","12/3/2023 11:12:28 PM"
"9B17B002.docx","71869","12/3/2023 11:12:28 PM"
"9B17B003.docx","66740","12/3/2023 11:12:28 PM"
"9B17B004.docx","97377","12/3/2023 11:12:29 PM"
"9B17B005.docx","66445","12/3/2023 11:12:29 PM"
"9B17B006.docx","230275","12/3/2023 11:12:29 PM"
"9B17B007.docx","440555","12/3/2023 11:12:30 PM"
"9B17B008.docx","66823","12/3/2023 11:12:30 PM"
"9B17B009.docx","88377","12/3/2023 11:12:30 PM"
"9B17B010.docx","86158","12/3/2023 11:12:30 PM"
"9B17B011.docx","51431","12/3/2023 11:12:30 PM"
"9B17B012.docx","52694","12/3/2023 11:12:30 PM"
"9B17B013.docx","2058602","12/3/2023 11:12:31 PM"
"9B17B014.docx","736876","12/3/2023 11:12:31 PM"
"9B17B015.docx","144655","12/3/2023 11:12:31 PM"
"9B17B016.docx","77458","12/3/2023 11:12:31 PM"
"9B17B017.docx","1411524","12/3/2023 11:12:31 PM"
"9B17B019.docx","97421","12/3/2023 11:12:31 PM"
"9B17B021.docx","53739","12/3/2023 11:12:31 PM"
"9B17B022.docx","62188","12/3/2023 11:12:32 PM"
"9B17C001.docx","60973","12/3/2023 11:12:32 PM"
"9B17C002.docx","138533","12/3/2023 11:12:32 PM"
"9B17C003.docx","144071","12/3/2023 11:12:32 PM"
"9B17C004.docx","52158","12/3/2023 11:12:32 PM"
"9B17C006.docx","159389","12/3/2023 11:12:32 PM"
"9B17C007.docx","332215","12/3/2023 11:12:32 PM"
"9B17C008.docx","189538","12/3/2023 11:12:33 PM"
"9B17C009.docx","116554","12/3/2023 11:12:33 PM"
"9B17C010.docx","121025","12/3/2023 11:12:33 PM"
"9B17C011.docx","310894","12/3/2023 11:12:33 PM"
"9B17C012.docx","95706","12/3/2023 11:12:34 PM"
"9B17C013.docx","70570","12/3/2023 11:12:34 PM"
"9B17C014.docx","258259","12/3/2023 11:12:34 PM"
"9B17C015.docx","522822","12/3/2023 11:12:34 PM"
"9B17C016.docx","297090","12/3/2023 11:12:35 PM"
"9B17C017.docx","104363","12/3/2023 11:12:35 PM"
"9B17C018.docx","103136","12/3/2023 11:12:35 PM"
"9B17C019.docx","85519","12/3/2023 11:12:36 PM"
"9B17C021.docx","297055","12/3/2023 11:12:37 PM"
"9B17C022.docx","331903","12/3/2023 11:12:37 PM"
"9B17C023.docx","74616","12/3/2023 11:12:38 PM"
"9B17C024.docx","1915250","12/3/2023 11:12:38 PM"
"9B17C025.docx","201162","12/3/2023 11:12:38 PM"
"9B17C026.docx","106027","12/3/2023 11:12:38 PM"
"9B17C027.docx","915227","12/3/2023 11:12:38 PM"
"9B17C028.docx","242504","12/3/2023 11:12:38 PM"
"9B17C029.docx","128834","12/3/2023 11:12:39 PM"
"9B17C030.docx","2185778","12/3/2023 11:12:40 PM"
"9B17C031.docx","186695","12/3/2023 11:12:40 PM"
"9B17C032.docx","109204","12/3/2023 11:12:40 PM"
"9B17C033.docx","145188","12/3/2023 11:12:40 PM"
"9B17C034.docx","133583","12/3/2023 11:12:40 PM"
"9B17C035.docx","68790","12/3/2023 11:12:40 PM"
"9B17C036.docx","930682","12/3/2023 11:12:41 PM"
"9B17C037.docx","69992","12/3/2023 11:12:41 PM"
"9B17C038.docx","57302","12/3/2023 11:12:41 PM"
"9B17C039.docx","57360","12/3/2023 11:12:41 PM"
"9B17C040.docx","139772","12/3/2023 11:12:41 PM"
"9B17C041.docx","315541","12/3/2023 11:12:42 PM"
"9B17C042.docx","173582","12/3/2023 11:12:42 PM"
"9B17C043.docx","476207","12/3/2023 11:12:43 PM"
"9B17C044.docx","1133107","12/3/2023 11:12:43 PM"
"9B17C045.docx","81922","12/3/2023 11:12:43 PM"
"9B17C046.docx","2128240","12/3/2023 11:12:46 PM"
"9B17C047.docx","118989","12/3/2023 11:12:46 PM"
"9B17C048.docx","374761","12/3/2023 11:12:46 PM"
"9B17C049.docx","64104","12/3/2023 11:12:46 PM"
"9B17C050.docx","86109","12/3/2023 11:12:46 PM"
"9B17C051.docx","87117","12/3/2023 11:12:47 PM"
"9B17C052.docx","94256","12/3/2023 11:12:47 PM"
"9B17D001.docx","1881268","12/3/2023 11:12:47 PM"
"9B17D002.docx","200714","12/3/2023 11:12:47 PM"
"9B17D003.docx","1227985","12/3/2023 11:12:47 PM"
"9B17D004.docx","273674","12/3/2023 11:12:48 PM"
"9B17D005.docx","64628","12/3/2023 11:12:48 PM"
"9B17D006.docx","58471","12/3/2023 11:12:48 PM"
"9B17D007.docx","530948","12/3/2023 11:12:48 PM"
"9B17D008.docx","208214","12/3/2023 11:12:49 PM"
"9B17D009.docx","88421","12/3/2023 11:12:49 PM"
"9B17D010.docx","60466","12/3/2023 11:12:49 PM"
"9B17D011.docx","85838","12/3/2023 11:12:49 PM"
"9B17D012.docx","65148","12/3/2023 11:12:49 PM"
"9B17D013.docx","52021","12/3/2023 11:12:50 PM"
"9B17D014.docx","302644","12/3/2023 11:12:50 PM"
"9B17D015.docx","369183","12/3/2023 11:12:50 PM"
"9B17D016.docx","692838","12/3/2023 11:12:50 PM"
"9B17D017.docx","74246","12/3/2023 11:12:51 PM"
"9B17D018.docx","83554","12/3/2023 11:12:51 PM"
"9B17D019.docx","128717","12/3/2023 11:12:51 PM"
"9B17D020.docx","115930","12/3/2023 11:12:51 PM"
"9B17D021.docx","59165","12/3/2023 11:12:51 PM"
"9B17D022.docx","60743","12/3/2023 11:12:51 PM"
"9B17D023.docx","375806","12/3/2023 11:12:53 PM"
"9B17D024.docx","258538","12/3/2023 11:12:54 PM"
"9B17D025.docx","149845","12/3/2023 11:12:54 PM"
"9B17E001.docx","50300","12/3/2023 11:12:54 PM"
"9B17E002.docx","147338","12/3/2023 11:12:54 PM"
"9B17E003.docx","950098","12/3/2023 11:12:55 PM"
"9B17E004.docx","77160","12/3/2023 11:12:55 PM"
"9B17E005.docx","281282","12/3/2023 11:12:55 PM"
"9B17E006.docx","1482166","12/3/2023 11:12:55 PM"
"9B17E007.docx","179115","12/3/2023 11:12:55 PM"
"9B17E008.docx","1240371","12/3/2023 11:12:56 PM"
"9B17E009.docx","583840","12/3/2023 11:12:57 PM"
"9B17E010.docx","58259","12/3/2023 11:12:57 PM"
"9B17E011.docx","2055615","12/3/2023 11:12:57 PM"
"9B17E012.docx","80925","12/3/2023 11:12:57 PM"
"9B17E013.docx","67557","12/3/2023 11:12:57 PM"
"9B17E014.docx","919499","12/3/2023 11:12:59 PM"
"9B17E015.docx","2267907","12/3/2023 11:12:59 PM"
"9B17E016.docx","86823","12/3/2023 11:13:03 PM"
"9B17M001.docx","128521","12/3/2023 11:13:03 PM"
"9B17M002.docx","99118","12/3/2023 11:13:03 PM"
"9B17M003.docx","551767","12/3/2023 11:13:06 PM"
"9B17M004.docx","148569","12/3/2023 11:13:07 PM"
"9B17M005.docx","234614","12/3/2023 11:13:07 PM"
"9B17M006.docx","130748","12/3/2023 11:13:07 PM"
"9B17M007.docx","337745","12/3/2023 11:13:07 PM"
"9B17M008.docx","391312","12/3/2023 11:13:07 PM"
"9B17M009.docx","87558","12/3/2023 11:13:07 PM"
"9B17M010.docx","1259814","12/3/2023 11:13:08 PM"
"9B17M011.docx","61002","12/3/2023 11:13:08 PM"
"9B17M012.docx","86217","12/3/2023 11:13:08 PM"
"9B17M013.docx","81654","12/3/2023 11:13:08 PM"
"9B17M014.docx","63099","12/3/2023 11:13:09 PM"
"9B17M015.docx","64876","12/3/2023 11:13:09 PM"
"9B17M017.docx","123470","12/3/2023 11:13:09 PM"
"9B17M018.docx","99549","12/3/2023 11:13:09 PM"
"9B17M019.docx","124289","12/3/2023 11:13:09 PM"
"9B17M020.docx","72982","12/3/2023 11:13:09 PM"
"9B17M021.docx","185804","12/3/2023 11:13:10 PM"
"9B17M022.docx","501969","12/3/2023 11:13:10 PM"
"9B17M023.docx","388174","12/3/2023 11:13:10 PM"
"9B17M024.docx","60621","12/3/2023 11:13:10 PM"
"9B17M025.docx","171418","12/3/2023 11:13:11 PM"
"9B17M026.docx","136442","12/3/2023 11:13:11 PM"
"9B17M027.docx","122974","12/3/2023 11:13:11 PM"
"9B17M029.docx","271684","12/3/2023 11:13:11 PM"
"9B17M030.docx","94523","12/3/2023 11:13:12 PM"
"9B17M031.docx","146792","12/3/2023 11:13:12 PM"
"9B17M032.docx","109905","12/3/2023 11:13:12 PM"
"9B17M033.docx","110565","12/3/2023 11:13:13 PM"
"9B17M035.docx","74121","12/3/2023 11:13:13 PM"
"9B17M036.docx","83089","12/3/2023 11:13:13 PM"
"9B17M037.docx","1168045","12/3/2023 11:13:13 PM"
"9B17M038.docx","128777","12/3/2023 11:13:13 PM"
"9B17M039.docx","68694","12/3/2023 11:13:13 PM"
"9B17M040.docx","794361","12/3/2023 11:13:14 PM"
"9B17M044.docx","361133","12/3/2023 11:13:14 PM"
"9B17M045.docx","120813","12/3/2023 11:13:15 PM"
"9B17M046.docx","117625","12/3/2023 11:13:15 PM"
"9B17M047.docx","76946","12/3/2023 11:13:15 PM"
"9B17M049.docx","55323","12/3/2023 11:13:15 PM"
"9B17M050.docx","1713623","12/3/2023 11:13:16 PM"
"9B17M051.docx","938158","12/3/2023 11:13:16 PM"
"9B17M052.docx","88857","12/3/2023 11:13:16 PM"
"9B17M053.docx","70997","12/3/2023 11:13:16 PM"
"9B17M055.docx","413996","12/3/2023 11:13:17 PM"
"9B17M056.docx","107462","12/3/2023 11:13:17 PM"
"9B17M057.docx","92451","12/3/2023 11:13:17 PM"
"9B17M058.docx","74737","12/3/2023 11:13:17 PM"
"9B17M059.docx","109453","12/3/2023 11:13:17 PM"
"9B17M060.docx","115983","12/3/2023 11:13:17 PM"
"9B17M061.docx","159864","12/3/2023 11:13:18 PM"
"9B17M062.docx","2069955","12/3/2023 11:13:18 PM"
"9B17M063.docx","144787","12/3/2023 11:13:18 PM"
"9B17M064.docx","74514","12/3/2023 11:13:18 PM"
"9B17M066.docx","475489","12/3/2023 11:13:19 PM"
"9B17M067.docx","172761","12/3/2023 11:13:19 PM"
"9B17M068.docx","72491","12/3/2023 11:13:19 PM"
"9B17M071.docx","147065","12/3/2023 11:13:19 PM"
"9B17M072.docx","117037","12/3/2023 11:13:22 PM"
"9B17M073.docx","65364","12/3/2023 11:13:22 PM"
"9B17M075.docx","87300","12/3/2023 11:13:22 PM"
"9B17M076.docx","916592","12/3/2023 11:13:22 PM"
"9B17M077.docx","99335","12/3/2023 11:13:23 PM"
"9B17M078.docx","82972","12/3/2023 11:13:23 PM"
"9B17M079.docx","129724","12/3/2023 11:13:23 PM"
"9B17M080.docx","82860","12/3/2023 11:13:24 PM"
"9B17M081.docx","124633","12/3/2023 11:13:24 PM"
"9B17M082.docx","94359","12/3/2023 11:13:24 PM"
"9B17M083.docx","1007054","12/3/2023 11:13:25 PM"
"9B17M084.docx","71791","12/3/2023 11:13:25 PM"
"9B17M085.docx","456530","12/3/2023 11:13:25 PM"
"9B17M086.docx","953040","12/3/2023 11:13:25 PM"
"9B17M087.docx","872199","12/3/2023 11:13:26 PM"
"9B17M088.docx","433887","12/3/2023 11:13:26 PM"
"9B17M089.docx","60632","12/3/2023 11:13:26 PM"
"9B17M090.docx","3022868","12/3/2023 11:13:26 PM"
"9B17M091.docx","96606","12/3/2023 11:13:27 PM"
"9B17M092.docx","86341","12/3/2023 11:13:27 PM"
"9B17M093.docx","438643","12/3/2023 11:13:27 PM"
"9B17M094.docx","72418","12/3/2023 11:13:27 PM"
"9B17M095.docx","234674","12/3/2023 11:13:27 PM"
"9B17M096.docx","118724","12/3/2023 11:13:27 PM"
"9B17M097.docx","786360","12/3/2023 11:13:27 PM"
"9B17M098.docx","79439","12/3/2023 11:13:28 PM"
"9B17M099.docx","519188","12/3/2023 11:13:28 PM"
"9B17M100.docx","285053","12/3/2023 11:13:28 PM"
"9B17M101.docx","1531649","12/3/2023 11:13:28 PM"
"9B17M102.docx","125054","12/3/2023 11:13:29 PM"
"9B17M103.docx","518986","12/3/2023 11:13:29 PM"
"9B17M104.docx","276912","12/3/2023 11:13:29 PM"
"9B17M105.docx","529152","12/3/2023 11:13:29 PM"
"9B17M106.docx","124492","12/3/2023 11:13:30 PM"
"9B17M107.docx","84111","12/3/2023 11:13:30 PM"
"9B17M108.docx","108719","12/3/2023 11:13:30 PM"
"9B17M109.docx","914454","12/3/2023 11:13:31 PM"
"9B17M110.docx","122343","12/3/2023 11:13:31 PM"
"9B17M112.docx","157901","12/3/2023 11:13:31 PM"
"9B17M114.docx","480101","12/3/2023 11:13:31 PM"
"9B17M115.docx","70462","12/3/2023 11:13:32 PM"
"9B17M116.docx","466840","12/3/2023 11:13:32 PM"
"9B17M117.docx","116459","12/3/2023 11:13:33 PM"
"9B17M118.docx","508309","12/3/2023 11:13:33 PM"
"9B17M119.docx","70626","12/3/2023 11:13:33 PM"
"9B17M120.docx","64976","12/3/2023 11:13:34 PM"
"9B17M121.docx","120614","12/3/2023 11:13:34 PM"
"9B17M122.docx","59387","12/3/2023 11:13:34 PM"
"9B17M123.docx","92997","12/3/2023 11:13:34 PM"
"9B17M124.docx","1814109","12/3/2023 11:13:35 PM"
"9B17M125.docx","88700","12/3/2023 11:13:35 PM"
"9B17M126.docx","72762","12/3/2023 11:13:35 PM"
"9B17M127.docx","179250","12/3/2023 11:13:35 PM"
"9B17M128.docx","155620","12/3/2023 11:13:35 PM"
"9B17M129.docx","91903","12/3/2023 11:13:36 PM"
"9B17M130.docx","81604","12/3/2023 11:13:36 PM"
"9B17M131.docx","81226","12/3/2023 11:13:36 PM"
"9B17M133.docx","301105","12/3/2023 11:13:36 PM"
"9B17M134.docx","82361","12/3/2023 11:13:37 PM"
"9B17M135.docx","65066","12/3/2023 11:13:37 PM"
"9B17M136.docx","126883","12/3/2023 11:13:37 PM"
"9B17M137.docx","110464","12/3/2023 11:13:37 PM"
"9B17M138.docx","63911","12/3/2023 11:13:38 PM"
"9B17M139.docx","11999503","12/3/2023 11:13:40 PM"
"9B17M140.docx","48560","12/3/2023 11:13:40 PM"
"9B17M141.docx","79301","12/3/2023 11:13:40 PM"
"9B17M142.docx","121892","12/3/2023 11:13:40 PM"
"9B17M143.docx","88013","12/3/2023 11:13:40 PM"
"9B17M144.docx","360371","12/3/2023 11:13:41 PM"
"9B17M145.docx","67029","12/3/2023 11:13:41 PM"
"9B17M146.docx","211949","12/3/2023 11:13:41 PM"
"9B17M147.docx","1609343","12/3/2023 11:13:41 PM"
"9B17M148.docx","1942076","12/3/2023 11:13:41 PM"
"9B17M149.docx","561364","12/3/2023 11:13:42 PM"
"9B17M150.docx","1222742","12/3/2023 11:13:42 PM"
"9B17M151.docx","172070","12/3/2023 11:13:42 PM"
"9B17M152.docx","178496","12/3/2023 11:13:43 PM"
"9B17M153.docx","836666","12/3/2023 11:13:43 PM"
"9B17M154.docx","750991","12/3/2023 11:13:43 PM"
"9B17M155.docx","66871","12/3/2023 11:13:43 PM"
"9B17M156.docx","3546053","12/3/2023 11:13:43 PM"
"9B17M157.docx","69205","12/3/2023 11:13:43 PM"
"9B17M158.docx","158550","12/3/2023 11:13:44 PM"
"9B17M159.docx","1840280","12/3/2023 11:13:44 PM"
"9B17M160.docx","96201","12/3/2023 11:13:44 PM"
"9B17M161.docx","2052198","12/3/2023 11:13:44 PM"
"9B17M162.docx","616485","12/3/2023 11:13:45 PM"
"9B17M164.docx","100450","12/3/2023 11:13:45 PM"
"9B17M165.docx","97836","12/3/2023 11:13:45 PM"
"9B17M166.docx","281690","12/3/2023 11:13:46 PM"
"9B17M167.docx","125361","12/3/2023 11:13:46 PM"
"9B17M169.docx","76489","12/3/2023 11:13:46 PM"
"9B17M170.docx","85007","12/3/2023 11:13:48 PM"
"9B17M171.docx","80911","12/3/2023 11:13:48 PM"
"9B17M172.docx","64443","12/3/2023 11:13:48 PM"
"9B17M173.docx","750163","12/3/2023 11:13:48 PM"
"9B17M174.docx","326603","12/3/2023 11:13:48 PM"
"9B17M175.docx","1240767","12/3/2023 11:13:49 PM"
"9B17M176.docx","170537","12/3/2023 11:13:49 PM"
"9B17M177.docx","101784","12/3/2023 11:13:49 PM"
"9B17M178.docx","92348","12/3/2023 11:13:49 PM"
"9B17M179.docx","117891","12/3/2023 11:13:49 PM"
"9B17M180.docx","108564","12/3/2023 11:13:49 PM"
"9B17M181.docx","119443","12/3/2023 11:13:50 PM"
"9B17M182.docx","108860","12/3/2023 11:13:50 PM"
"9B17M183.docx","112603","12/3/2023 11:13:50 PM"
"9B17M184.docx","75441","12/3/2023 11:13:50 PM"
"9B17M186.docx","294618","12/3/2023 11:13:50 PM"
"9B17M187.docx","332291","12/3/2023 11:13:50 PM"
"9B17M188.docx","1305794","12/3/2023 11:13:50 PM"
"9B17MS17.docx","257330","12/3/2023 11:13:51 PM"
"9B17N001.docx","146457","12/3/2023 11:13:51 PM"
"9B17N002.docx","194316","12/3/2023 11:13:51 PM"
"9B17N004.docx","101086","12/3/2023 11:13:52 PM"
"9B17N005.docx","106807","12/3/2023 11:13:52 PM"
"9B17N006.docx","704366","12/3/2023 11:13:52 PM"
"9B17N007.docx","783052","12/3/2023 11:13:53 PM"
"9B17N008.docx","124606","12/3/2023 11:13:53 PM"
"9B17N009.docx","104944","12/3/2023 11:13:53 PM"
"9B17N010.docx","165545","12/3/2023 11:13:53 PM"
"9B17N011.docx","113374","12/3/2023 11:13:53 PM"
"9B17N012.docx","226716","12/3/2023 11:13:56 PM"
"9B17N013.docx","351212","12/3/2023 11:13:56 PM"
"9B17N014.docx","417486","12/3/2023 11:13:56 PM"
"9B17N015.docx","269185","12/3/2023 11:13:56 PM"
"9B17N016.docx","56643","12/3/2023 11:13:56 PM"
"9B17N017.docx","121225","12/3/2023 11:13:56 PM"
"9B17N018.docx","330707","12/3/2023 11:13:57 PM"
"9B17N019.docx","787726","12/3/2023 11:13:57 PM"
"9B17N021.docx","89425","12/3/2023 11:13:57 PM"
"9B17N022.docx","1347116","12/3/2023 11:13:57 PM"
"9B17N023.docx","94180","12/3/2023 11:13:57 PM"
"9B17N024.docx","218203","12/3/2023 11:13:57 PM"
"9B18A001.docx","87379","12/3/2023 11:12:28 PM"
"9B18A002.docx","59502","12/3/2023 11:12:28 PM"
"9B18A003.docx","343331","12/3/2023 11:12:28 PM"
"9B18A004.docx","89954","12/3/2023 11:12:28 PM"
"9B18A005.docx","77073","12/3/2023 11:12:29 PM"
"9B18A006.docx","78910","12/3/2023 11:12:29 PM"
"9B18A007.docx","86429","12/3/2023 11:12:29 PM"
"9B18A008.docx","89969","12/3/2023 11:12:29 PM"
"9B18A009.docx","189166","12/3/2023 11:12:29 PM"
"9B18A010.docx","115292","12/3/2023 11:12:30 PM"
"9B18A011.docx","95237","12/3/2023 11:12:30 PM"
"9B18A012.docx","77060","12/3/2023 11:12:30 PM"
"9B18A013.docx","108443","12/3/2023 11:12:30 PM"
"9B18A014.docx","2196609","12/3/2023 11:12:31 PM"
"9B18A015.docx","86877","12/3/2023 11:12:31 PM"
"9B18A016.docx","681583","12/3/2023 11:12:31 PM"
"9B18A017.docx","1021959","12/3/2023 11:12:31 PM"
"9B18A018.docx","90647","12/3/2023 11:12:31 PM"
"9B18A019.docx","207988","12/3/2023 11:12:32 PM"
"9B18A020.docx","1995861","12/3/2023 11:12:32 PM"
"9B18A021.docx","75077","12/3/2023 11:12:32 PM"
"9B18A022.docx","153961","12/3/2023 11:12:32 PM"
"9B18A023.docx","127142","12/3/2023 11:12:32 PM"
"9B18A024.docx","75441","12/3/2023 11:12:33 PM"
"9B18A025.docx","83078","12/3/2023 11:12:33 PM"
"9B18A026.docx","305597","12/3/2023 11:12:33 PM"
"9B18A027.docx","182947","12/3/2023 11:12:33 PM"
"9B18A028.docx","87541","12/3/2023 11:12:33 PM"
"9B18A029.docx","6600278","12/3/2023 11:12:34 PM"
"9B18A030.docx","316414","12/3/2023 11:12:34 PM"
"9B18A032.docx","69663","12/3/2023 11:12:34 PM"
"9B18A033.docx","124433","12/3/2023 11:12:35 PM"
"9B18A034.docx","106906","12/3/2023 11:12:35 PM"
"9B18A035.docx","1216625","12/3/2023 11:12:35 PM"
"9B18A036.docx","3493609","12/3/2023 11:12:36 PM"
"9B18A037.docx","69001","12/3/2023 11:12:36 PM"
"9B18A038.docx","1002544","12/3/2023 11:12:36 PM"
"9B18A040.docx","1202018","12/3/2023 11:12:37 PM"
"9B18A041.docx","1641043","12/3/2023 11:12:37 PM"
"9B18A044.docx","2808586","12/3/2023 11:12:38 PM"
"9B18A045.docx","96241","12/3/2023 11:12:38 PM"
"9B18A046.docx","100504","12/3/2023 11:12:38 PM"
"9B18A047.docx","121836","12/3/2023 11:12:39 PM"
"9B18A048.docx","76335","12/3/2023 11:12:39 PM"
"9B18A049.docx","242195","12/3/2023 11:12:39 PM"
"9B18A050.docx","77173","12/3/2023 11:12:40 PM"
"9B18A051.docx","125397","12/3/2023 11:12:40 PM"
"9B18A052.docx","66393","12/3/2023 11:12:40 PM"
"9B18A053.docx","72051","12/3/2023 11:12:40 PM"
"9B18A054.docx","156995","12/3/2023 11:12:40 PM"
"9B18A055.docx","77211","12/3/2023 11:12:41 PM"
"9B18A056.docx","116846","12/3/2023 11:12:41 PM"
"9B18A058.docx","682711","12/3/2023 11:12:41 PM"
"9B18A059.docx","174565","12/3/2023 11:12:42 PM"
"9B18A060.docx","750177","12/3/2023 11:12:42 PM"
"9B18A061.docx","832841","12/3/2023 11:12:42 PM"
"9B18A062.docx","78771","12/3/2023 11:12:42 PM"
"9B18A063.docx","3036618","12/3/2023 11:12:42 PM"
"9B18A064.docx","701350","12/3/2023 11:12:42 PM"
"9B18A065.docx","944339","12/3/2023 11:12:43 PM"
"9B18A066.docx","245031","12/3/2023 11:12:43 PM"
"9B18A067.docx","99130","12/3/2023 11:12:43 PM"
"9B18A068.docx","109388","12/3/2023 11:12:43 PM"
"9B18A069.docx","46080","12/3/2023 11:12:43 PM"
"9B18A070.docx","81423","12/3/2023 11:12:44 PM"
"9B18B002.docx","150463","12/3/2023 11:12:44 PM"
"9B18B003.docx","1311868","12/3/2023 11:12:44 PM"
"9B18B004.docx","69104","12/3/2023 11:12:45 PM"
"9B18B005.docx","1330486","12/3/2023 11:12:45 PM"
"9B18B006.docx","70433","12/3/2023 11:12:46 PM"
"9B18B007.docx","61659","12/3/2023 11:12:46 PM"
"9B18B008.docx","1068002","12/3/2023 11:12:46 PM"
"9B18B009.docx","795677","12/3/2023 11:12:46 PM"
"9B18B010.docx","1112561","12/3/2023 11:12:46 PM"
"9B18B011.docx","462858","12/3/2023 11:12:47 PM"
"9B18B012.docx","949686","12/3/2023 11:12:47 PM"
"9B18B013.docx","652236","12/3/2023 11:12:47 PM"
"9B18B015.docx","93283","12/3/2023 11:12:47 PM"
"9B18B016.docx","229457","12/3/2023 11:12:47 PM"
"9B18B017.docx","1527041","12/3/2023 11:12:48 PM"
"9B18B018.docx","4274721","12/3/2023 11:12:48 PM"
"9B18B019.docx","59491","12/3/2023 11:12:48 PM"
"9B18B020.docx","279521","12/3/2023 11:12:48 PM"
"9B18B021.docx","313094","12/3/2023 11:12:48 PM"
"9B18B022.docx","3229567","12/3/2023 11:12:49 PM"
"9B18C001.docx","79760","12/3/2023 11:12:49 PM"
"9B18C002.docx","82773","12/3/2023 11:12:49 PM"
"9B18C003.docx","173629","12/3/2023 11:12:49 PM"
"9B18C004.docx","108366","12/3/2023 11:12:49 PM"
"9B18C005.docx","82186","12/3/2023 11:12:50 PM"
"9B18C006.docx","77103","12/3/2023 11:12:50 PM"
"9B18C007.docx","124141","12/3/2023 11:12:50 PM"
"9B18C008.docx","66319","12/3/2023 11:12:50 PM"
"9B18C009.docx","80865","12/3/2023 11:12:51 PM"
"9B18C010.docx","78524","12/3/2023 11:12:51 PM"
"9B18C011.docx","83660","12/3/2023 11:12:51 PM"
"9B18C012.docx","296877","12/3/2023 11:12:51 PM"
"9B18C013.docx","2600798","12/3/2023 11:12:51 PM"
"9B18C014.docx","80817","12/3/2023 11:12:52 PM"
"9B18C015.docx","125637","12/3/2023 11:12:52 PM"
"9B18C016.docx","61066","12/3/2023 11:12:52 PM"
"9B18C017.docx","909832","12/3/2023 11:12:52 PM"
"9B18C018.docx","489917","12/3/2023 11:12:55 PM"
"9B18C019.docx","345571","12/3/2023 11:12:55 PM"
"9B18C020.docx","171801","12/3/2023 11:12:56 PM"
"9B18C021.docx","146481","12/3/2023 11:12:56 PM"
"9B18C022.docx","106750","12/3/2023 11:12:56 PM"
"9B18C023.docx","205768","12/3/2023 11:12:56 PM"
"9B18C024.docx","235161","12/3/2023 11:12:57 PM"
"9B18C025.docx","60748","12/3/2023 11:12:57 PM"
"9B18C026.docx","69536","12/3/2023 11:12:57 PM"
"9B18C027.docx","81114","12/3/2023 11:12:57 PM"
"9B18C028.docx","1491820","12/3/2023 11:12:57 PM"
"9B18C030.docx","78909","12/3/2023 11:12:58 PM"
"9B18C031.docx","67548","12/3/2023 11:12:58 PM"
"9B18C032.docx","63622","12/3/2023 11:12:58 PM"
"9B18C033.docx","441095","12/3/2023 11:12:58 PM"
"9B18C034.docx","54298","12/3/2023 11:12:58 PM"
"9B18C035.docx","47811","12/3/2023 11:12:59 PM"
"9B18C036.docx","47053","12/3/2023 11:12:59 PM"
"9B18C037.docx","47028","12/3/2023 11:12:59 PM"
"9B18C038.docx","48870","12/3/2023 11:12:59 PM"
"9B18C039.docx","101343","12/3/2023 11:13:00 PM"
"9B18C040.docx","88016","12/3/2023 11:13:00 PM"
"9B18C041.docx","287453","12/3/2023 11:13:00 PM"
"9B18C042.docx","65101","12/3/2023 11:13:00 PM"
"9B18C043.docx","702017","12/3/2023 11:13:01 PM"
"9B18C044.docx","90453","12/3/2023 11:13:01 PM"
"9B18C045.docx","73698","12/3/2023 11:13:01 PM"
"9B18C046.docx","89722","12/3/2023 11:13:01 PM"
"9B18C047.docx","103845","12/3/2023 11:13:02 PM"
"9B18C048.docx","1553589","12/3/2023 11:13:02 PM"
"9B18C050.docx","65051","12/3/2023 11:13:02 PM"
"9B18D001.docx","1084358","12/3/2023 11:13:02 PM"
"9B18D002.docx","1162290","12/3/2023 11:13:03 PM"
"9B18D004.docx","161455","12/3/2023 11:13:03 PM"
"9B18D005.docx","74457","12/3/2023 11:13:03 PM"
"9B18D006.docx","256887","12/3/2023 11:13:04 PM"
"9B18D007.docx","1660278","12/3/2023 11:13:04 PM"
"9B18D008.docx","2624918","12/3/2023 11:13:04 PM"
"9B18D009.docx","323535","12/3/2023 11:13:05 PM"
"9B18D010.docx","1157342","12/3/2023 11:13:05 PM"
"9B18D011.docx","75249","12/3/2023 11:13:05 PM"
"9B18D012.docx","206273","12/3/2023 11:13:06 PM"
"9B18D013.docx","1071865","12/3/2023 11:13:06 PM"
"9B18D014.docx","489315","12/3/2023 11:13:07 PM"
"9B18D015.docx","54517","12/3/2023 11:13:07 PM"
"9B18D016.docx","6404452","12/3/2023 11:13:07 PM"
"9B18D017.docx","737647","12/3/2023 11:13:07 PM"
"9B18D018.docx","74074","12/3/2023 11:13:07 PM"
"9B18D019.docx","135971","12/3/2023 11:13:08 PM"
"9B18D020.docx","795415","12/3/2023 11:13:08 PM"
"9B18D021.docx","2622697","12/3/2023 11:13:08 PM"
"9B18D022.docx","550765","12/3/2023 11:13:09 PM"
"9B18D023.docx","110206","12/3/2023 11:13:09 PM"
"9B18D024.docx","53830","12/3/2023 11:13:09 PM"
"9B18D025.docx","47283","12/3/2023 11:13:09 PM"
"9B18D026.docx","51278","12/3/2023 11:13:09 PM"
"9B18E001.docx","60957","12/3/2023 11:13:10 PM"
"9B18E002.docx","1475384","12/3/2023 11:13:10 PM"
"9B18E003.docx","2323795","12/3/2023 11:13:13 PM"
"9B18E004.docx","1100820","12/3/2023 11:13:13 PM"
"9B18E005.docx","65196","12/3/2023 11:13:13 PM"
"9B18E006.docx","210949","12/3/2023 11:13:13 PM"
"9B18E007.docx","394715","12/3/2023 11:13:14 PM"
"9B18E008.docx","327095","12/3/2023 11:13:14 PM"
"9B18E009.docx","10642203","12/3/2023 11:13:15 PM"
"9B18E010.docx","334881","12/3/2023 11:13:15 PM"
"9B18E011.docx","3922108","12/3/2023 11:13:15 PM"
"9B18E012.docx","246766","12/3/2023 11:13:16 PM"
"9B18E013.docx","76485","12/3/2023 11:13:16 PM"
"9B18E014.docx","495173","12/3/2023 11:13:16 PM"
"9B18E015.docx","59403","12/3/2023 11:13:16 PM"
"9B18E016.docx","1307130","12/3/2023 11:13:17 PM"
"9B18E017.docx","989726","12/3/2023 11:13:17 PM"
"9B18E018.docx","193333","12/3/2023 11:13:17 PM"
"9B18E019.docx","62990","12/3/2023 11:13:17 PM"
"9B18E020.docx","60615","12/3/2023 11:13:17 PM"
"9B18M001.docx","153159","12/3/2023 11:13:18 PM"
"9B18M002.docx","115790","12/3/2023 11:13:18 PM"
"9B18M003.docx","326243","12/3/2023 11:13:18 PM"
"9B18M004.docx","384959","12/3/2023 11:13:19 PM"
"9B18M006.docx","198529","12/3/2023 11:13:19 PM"
"9B18M007.docx","1012184","12/3/2023 11:13:19 PM"
"9B18M008.docx","789413","12/3/2023 11:13:19 PM"
"9B18M009.docx","1588606","12/3/2023 11:13:19 PM"
"9B18M010.docx","65007","12/3/2023 11:13:20 PM"
"9B18M011.docx","111898","12/3/2023 11:13:20 PM"
"9B18M012.docx","100435","12/3/2023 11:13:20 PM"
"9B18M013.docx","126851","12/3/2023 11:13:20 PM"
"9B18M014.docx","54973","12/3/2023 11:13:21 PM"
"9B18M016.docx","52221","12/3/2023 11:13:21 PM"
"9B18M017.docx","211766","12/3/2023 11:13:21 PM"
"9B18M019.docx","106590","12/3/2023 11:13:21 PM"
"9B18M020.docx","1010155","12/3/2023 11:13:21 PM"
"9B18M022.docx","231682","12/3/2023 11:13:22 PM"
"9B18M023.docx","423528","12/3/2023 11:13:22 PM"
"9B18M024.docx","532517","12/3/2023 11:13:22 PM"
"9B18M025.docx","48473","12/3/2023 11:13:22 PM"
"9B18M026.docx","107539","12/3/2023 11:13:22 PM"
"9B18M027.docx","788084","12/3/2023 11:13:23 PM"
"9B18M028.docx","204256","12/3/2023 11:13:23 PM"
"9B18M029.docx","291748","12/3/2023 11:13:23 PM"
"9B18M030.docx","255662","12/3/2023 11:13:23 PM"
"9B18M031.docx","139136","12/3/2023 11:13:23 PM"
"9B18M032.docx","143793","12/3/2023 11:13:24 PM"
"9B18M033.docx","96820","12/3/2023 11:13:24 PM"
"9B18M034.docx","307931","12/3/2023 11:13:24 PM"
"9B18M035.docx","1484095","12/3/2023 11:13:24 PM"
"9B18M036.docx","110798","12/3/2023 11:13:25 PM"
"9B18M038.docx","86980","12/3/2023 11:13:25 PM"
"9B18M039.docx","134951","12/3/2023 11:13:25 PM"
"9B18M041.docx","200959","12/3/2023 11:13:26 PM"
"9B18M042.docx","377701","12/3/2023 11:13:26 PM"
"9B18M044.docx","1292457","12/3/2023 11:13:26 PM"
"9B18M045.docx","107960","12/3/2023 11:13:27 PM"
"9B18M046.docx","102304","12/3/2023 11:13:27 PM"
"9B18M047.docx","63444","12/3/2023 11:13:27 PM"
"9B18M048.docx","55538","12/3/2023 11:13:27 PM"
"9B18M049.docx","84448","12/3/2023 11:13:27 PM"
"9B18M050.docx","72692","12/3/2023 11:13:27 PM"
"9B18M051.docx","93173","12/3/2023 11:13:27 PM"
"9B18M052.docx","65621","12/3/2023 11:13:27 PM"
"9B18M053.docx","53899","12/3/2023 11:13:28 PM"
"9B18M054.docx","64291","12/3/2023 11:13:28 PM"
"9B18M055.docx","53923","12/3/2023 11:13:28 PM"
"9B18M056.docx","73005","12/3/2023 11:13:28 PM"
"9B18M057.docx","57676","12/3/2023 11:13:28 PM"
"9B18M058.docx","58667","12/3/2023 11:13:29 PM"
"9B18M059.docx","112963","12/3/2023 11:13:29 PM"
"9B18M060.docx","114104","12/3/2023 11:13:29 PM"
"9B18M061.docx","254615","12/3/2023 11:13:29 PM"
"9B18M062.docx","156086","12/3/2023 11:13:30 PM"
"9B18M063.docx","483296","12/3/2023 11:13:30 PM"
"9B18M064.docx","99368","12/3/2023 11:13:30 PM"
"9B18M065.docx","273721","12/3/2023 11:13:30 PM"
"9B18M066.docx","87048","12/3/2023 11:13:30 PM"
"9B18M067.docx","491811","12/3/2023 11:13:30 PM"
"9B18M068.docx","79639","12/3/2023 11:13:31 PM"
"9B18M069.docx","104749","12/3/2023 11:13:31 PM"
"9B18M070.docx","68774","12/3/2023 11:13:31 PM"
"9B18M071.docx","122830","12/3/2023 11:13:31 PM"
"9B18M072.docx","66046","12/3/2023 11:13:32 PM"
"9B18M073.docx","3167642","12/3/2023 11:13:32 PM"
"9B18M074.docx","1825455","12/3/2023 11:13:33 PM"
"9B18M075.docx","75363","12/3/2023 11:13:33 PM"
"9B18M076.docx","548157","12/3/2023 11:13:33 PM"
"9B18M077.docx","833322","12/3/2023 11:13:34 PM"
"9B18M078.docx","119059","12/3/2023 11:13:34 PM"
"9B18M079.docx","78655","12/3/2023 11:13:35 PM"
"9B18M080.docx","75512","12/3/2023 11:13:35 PM"
"9B18M081.docx","79949","12/3/2023 11:13:35 PM"
"9B18M082.docx","147798","12/3/2023 11:13:35 PM"
"9B18M083.docx","678952","12/3/2023 11:13:35 PM"
"9B18M084.docx","155270","12/3/2023 11:13:35 PM"
"9B18M085.docx","76907","12/3/2023 11:13:36 PM"
"9B18M086.docx","1743144","12/3/2023 11:13:36 PM"
"9B18M087.docx","90944","12/3/2023 11:13:36 PM"
"9B18M088.docx","509765","12/3/2023 11:13:37 PM"
"9B18M089.docx","211187","12/3/2023 11:13:37 PM"
"9B18M090.docx","345961","12/3/2023 11:13:37 PM"
"9B18M091.docx","110155","12/3/2023 11:13:37 PM"
"9B18M092.docx","94773","12/3/2023 11:13:37 PM"
"9B18M093.docx","75535","12/3/2023 11:13:37 PM"
"9B18M094.docx","88797","12/3/2023 11:13:38 PM"
"9B18M095.docx","153568","12/3/2023 11:13:38 PM"
"9B18M096.docx","94991","12/3/2023 11:13:38 PM"
"9B18M097.docx","118037","12/3/2023 11:13:38 PM"
"9B18M098.docx","85622","12/3/2023 11:13:38 PM"
"9B18M099.docx","1760407","12/3/2023 11:13:38 PM"
"9B18M100.docx","82895","12/3/2023 11:13:39 PM"
"9B18M101.docx","104671","12/3/2023 11:13:39 PM"
"9B18M102.docx","83500","12/3/2023 11:13:39 PM"
"9B18M103.docx","317842","12/3/2023 11:13:39 PM"
"9B18M104.docx","94455","12/3/2023 11:13:39 PM"
"9B18M105.docx","71439","12/3/2023 11:13:40 PM"
"9B18M106.docx","256398","12/3/2023 11:13:40 PM"
"9B18M107.docx","741986","12/3/2023 11:13:40 PM"
"9B18M108.docx","351423","12/3/2023 11:13:41 PM"
"9B18M109.docx","85855","12/3/2023 11:13:41 PM"
"9B18M110.docx","141785","12/3/2023 11:13:41 PM"
"9B18M111.docx","118334","12/3/2023 11:13:41 PM"
"9B18M112.docx","131171","12/3/2023 11:13:41 PM"
"9B18M113.docx","638943","12/3/2023 11:13:43 PM"
"9B18M114.docx","120499","12/3/2023 11:13:43 PM"
"9B18M115.docx","80207","12/3/2023 11:13:44 PM"
"9B18M116.docx","136289","12/3/2023 11:13:44 PM"
"9B18M117.docx","197405","12/3/2023 11:13:44 PM"
"9B18M118.docx","99355","12/3/2023 11:13:44 PM"
"9B18M119.docx","2543206","12/3/2023 11:13:45 PM"
"9B18M120.docx","49213","12/3/2023 11:13:45 PM"
"9B18M121.docx","66340","12/3/2023 11:13:45 PM"
"9B18M122.docx","107353","12/3/2023 11:13:45 PM"
"9B18M123.docx","64608","12/3/2023 11:13:45 PM"
"9B18M124.docx","206206","12/3/2023 11:13:46 PM"
"9B18M125.docx","102152","12/3/2023 11:13:46 PM"
"9B18M126.docx","392002","12/3/2023 11:13:46 PM"
"9B18M127.docx","314677","12/3/2023 11:13:46 PM"
"9B18M128.docx","262154","12/3/2023 11:13:46 PM"
"9B18M129.docx","210337","12/3/2023 11:13:47 PM"
"9B18M130.docx","113073","12/3/2023 11:13:47 PM"
"9B18M131.docx","128162","12/3/2023 11:13:47 PM"
"9B18M132.docx","11581655","12/3/2023 11:13:49 PM"
"9B18M133.docx","51239","12/3/2023 11:13:49 PM"
"9B18M134.docx","50434","12/3/2023 11:13:49 PM"
"9B18M135.docx","50222","12/3/2023 11:13:50 PM"
"9B18M136.docx","51783","12/3/2023 11:13:50 PM"
"9B18M137.docx","532576","12/3/2023 11:13:50 PM"
"9B18M138.docx","72577","12/3/2023 11:13:50 PM"
"9B18M139.docx","158692","12/3/2023 11:13:51 PM"
"9B18M140.docx","79499","12/3/2023 11:13:51 PM"
"9B18M141.docx","173638","12/3/2023 11:13:51 PM"
"9B18M142.docx","97558","12/3/2023 11:13:52 PM"
"9B18M143.docx","109807","12/3/2023 11:13:52 PM"
"9B18M144.docx","75229","12/3/2023 11:13:52 PM"
"9B18M145.docx","114787","12/3/2023 11:13:52 PM"
"9B18M146.docx","1155184","12/3/2023 11:13:53 PM"
"9B18M147.docx","103984","12/3/2023 11:13:53 PM"
"9B18M148.docx","131253","12/3/2023 11:13:53 PM"
"9B18M149.docx","85370","12/3/2023 11:13:53 PM"
"9B18M150.docx","123192","12/3/2023 11:13:53 PM"
"9B18M151.docx","95233","12/3/2023 11:13:53 PM"
"9B18M152.docx","101771","12/3/2023 11:13:54 PM"
"9B18M153.docx","2450590","12/3/2023 11:13:54 PM"
"9B18M154.docx","684046","12/3/2023 11:13:54 PM"
"9B18M155.docx","294679","12/3/2023 11:13:54 PM"
"9B18M156.docx","64366","12/3/2023 11:13:55 PM"
"9B18M157.docx","308501","12/3/2023 11:13:55 PM"
"9B18M158.docx","187398","12/3/2023 11:13:56 PM"
"9B18M159.docx","1451977","12/3/2023 11:13:56 PM"
"9B18M161.docx","103521","12/3/2023 11:13:57 PM"
"9B18M162.docx","982723","12/3/2023 11:13:57 PM"
"9B18M163.docx","76150","12/3/2023 11:13:57 PM"
"9B18M164.docx","566313","12/3/2023 11:13:57 PM"
"9B18M165.docx","914359","12/3/2023 11:13:57 PM"
"9B18M166.docx","74717","12/3/2023 11:13:57 PM"
"9B18M167.docx","51867","12/3/2023 11:13:57 PM"
"9B18M168.docx","620721","12/3/2023 11:13:58 PM"
"9B18M169.docx","1625067","12/3/2023 11:13:58 PM"
"9B18M170.docx","157656","12/3/2023 11:13:58 PM"
"9B18M172.docx","2009678","12/3/2023 11:13:58 PM"
"9B18M174.docx","706494","12/3/2023 11:13:59 PM"
"9B18M175.docx","258836","12/3/2023 11:13:59 PM"
"9B18M176.docx","148197","12/3/2023 11:13:59 PM"
"9B18M177.docx","301894","12/3/2023 11:13:59 PM"
"9B18M178.docx","78102","12/3/2023 11:13:59 PM"
"9B18M179.docx","366494","12/3/2023 11:14:00 PM"
"9B18M180.docx","454099","12/3/2023 11:14:00 PM"
"9B18M181.docx","438822","12/3/2023 11:14:04 PM"
"9B18M182.docx","101465","12/3/2023 11:14:06 PM"
"9B18M183.docx","66330","12/3/2023 11:14:06 PM"
"9B18M184.docx","77950","12/3/2023 11:14:06 PM"
"9B18M185.docx","102544","12/3/2023 11:14:06 PM"
"9B18M186.docx","599535","12/3/2023 11:14:06 PM"
"9B18M187.docx","103261","12/3/2023 11:14:07 PM"
"9B18M188.docx","183431","12/3/2023 11:14:07 PM"
"9B18M189.docx","144430","12/3/2023 11:14:07 PM"
"9B18M190.docx","100603","12/3/2023 11:14:07 PM"
"9B18M191.docx","1357610","12/3/2023 11:14:07 PM"
"9B18M192.docx","227097","12/3/2023 11:14:07 PM"
"9B18M193.docx","75273","12/3/2023 11:14:07 PM"
"9B18M194.docx","680534","12/3/2023 11:14:08 PM"
"9B18M195.docx","235652","12/3/2023 11:14:08 PM"
"9B18M196.docx","143989","12/3/2023 11:14:08 PM"
"9B18M197.docx","133025","12/3/2023 11:14:08 PM"
"9B18M198.docx","70658","12/3/2023 11:14:08 PM"
"9B18M199.docx","77103","12/3/2023 11:14:08 PM"
"9B18M200.docx","71372","12/3/2023 11:14:08 PM"
"9B18M201.docx","392362","12/3/2023 11:14:08 PM"
"9B18M202.docx","107517","12/3/2023 11:14:09 PM"
"9B18M203.docx","111902","12/3/2023 11:14:09 PM"
"9B18N001.docx","90214","12/3/2023 11:14:09 PM"
"9B18N002.docx","1180745","12/3/2023 11:14:09 PM"
"9B18N003.docx","77213","12/3/2023 11:14:10 PM"
"9B18N004.docx","354128","12/3/2023 11:14:10 PM"
"9B18N005.docx","58491","12/3/2023 11:14:10 PM"
"9B18N006.docx","611241","12/3/2023 11:14:11 PM"
"9B18N007.docx","229282","12/3/2023 11:14:13 PM"
"9B18N008.docx","64459","12/3/2023 11:14:15 PM"
"9B18N009.docx","198851","12/3/2023 11:14:16 PM"
"9B18N010.docx","80826","12/3/2023 11:14:16 PM"
"9B18N011.docx","136568","12/3/2023 11:14:16 PM"
"9B18N012.docx","107291","12/3/2023 11:14:16 PM"
"9B18N013.docx","128672","12/3/2023 11:14:16 PM"
"9B18N014.docx","76594","12/3/2023 11:14:16 PM"
"9B18N015.docx","151810","12/3/2023 11:14:16 PM"
"9B18N017.docx","463632","12/3/2023 11:14:16 PM"
"9B18N018.docx","138316","12/3/2023 11:14:17 PM"
"9B18N019.docx","76707","12/3/2023 11:14:17 PM"
"9B18N020.docx","128841","12/3/2023 11:14:17 PM"
"9B18N021.docx","142113","12/3/2023 11:14:18 PM"
"9B18N022.docx","299858","12/3/2023 11:14:18 PM"
"9B18N023.docx","97160","12/3/2023 11:14:18 PM"
"9B18N024.docx","94547","12/3/2023 11:14:18 PM"
"9B18N025.docx","56702","12/3/2023 11:14:18 PM"
"9B18N026.docx","125302","12/3/2023 11:14:18 PM"
"9B18N027.docx","980299","12/3/2023 11:14:19 PM"
"9B19A001.docx","93672","12/3/2023 11:12:38 PM"
"9B19A002.docx","890559","12/3/2023 11:12:38 PM"
"9B19A003.docx","67755","12/3/2023 11:12:39 PM"
"9B19A004.docx","735245","12/3/2023 11:12:39 PM"
"9B19A005.docx","72615","12/3/2023 11:12:40 PM"
"9B19A006.docx","3145942","12/3/2023 11:12:40 PM"
"9B19A007.docx","75958","12/3/2023 11:12:40 PM"
"9B19A008.docx","86275","12/3/2023 11:12:40 PM"
"9B19A009.docx","669676","12/3/2023 11:12:41 PM"
"9B19A010.docx","92990","12/3/2023 11:12:41 PM"
"9B19A011.docx","501128","12/3/2023 11:12:41 PM"
"9B19A012.docx","2231011","12/3/2023 11:12:41 PM"
"9B19A013.docx","66149","12/3/2023 11:12:42 PM"
"9B19A014.docx","2129327","12/3/2023 11:12:42 PM"
"9B19A015.docx","5875500","12/3/2023 11:12:42 PM"
"9B19A016.docx","2870631","12/3/2023 11:12:43 PM"
"9B19A017.docx","69605","12/3/2023 11:12:43 PM"
"9B19A019.docx","385268","12/3/2023 11:12:43 PM"
"9B19A020.docx","73775","12/3/2023 11:12:43 PM"
"9B19A021.docx","1496910","12/3/2023 11:12:43 PM"
"9B19A022.docx","8449742","12/3/2023 11:12:44 PM"
"9B19A023.docx","683136","12/3/2023 11:12:44 PM"
"9B19A024.docx","1522508","12/3/2023 11:12:44 PM"
"9B19A025.docx","91884","12/3/2023 11:12:44 PM"
"9B19A026.docx","1123816","12/3/2023 11:12:45 PM"
"9B19A027.docx","74768","12/3/2023 11:12:45 PM"
"9B19A028.docx","1361416","12/3/2023 11:12:46 PM"
"9B19A029.docx","1706605","12/3/2023 11:12:46 PM"
"9B19A030.docx","828922","12/3/2023 11:12:46 PM"
"9B19A031.docx","142329","12/3/2023 11:12:47 PM"
"9B19A033.docx","83732","12/3/2023 11:12:47 PM"
"9B19A034.docx","862658","12/3/2023 11:12:47 PM"
"9B19A035.docx","98918","12/3/2023 11:12:47 PM"
"9B19A037.docx","78560","12/3/2023 11:12:47 PM"
"9B19A038.docx","1437249","12/3/2023 11:12:50 PM"
"9B19A039.docx","976749","12/3/2023 11:12:51 PM"
"9B19A042.docx","99312","12/3/2023 11:12:51 PM"
"9B19A043.docx","1065643","12/3/2023 11:12:51 PM"
"9B19A046.docx","69159","12/3/2023 11:12:51 PM"
"9B19A047.docx","83461","12/3/2023 11:12:51 PM"
"9B19A048.docx","94251","12/3/2023 11:12:51 PM"
"9B19A049.docx","60774","12/3/2023 11:12:51 PM"
"9B19A050.docx","49821","12/3/2023 11:12:51 PM"
"9B19A051.docx","76282","12/3/2023 11:12:52 PM"
"9B19A052.docx","94352","12/3/2023 11:12:52 PM"
"9B19A053.docx","698746","12/3/2023 11:12:52 PM"
"9B19A054.docx","432541","12/3/2023 11:12:52 PM"
"9B19A055.docx","759003","12/3/2023 11:12:53 PM"
"9B19A056.docx","61368","12/3/2023 11:12:53 PM"
"9B19A057.docx","72980","12/3/2023 11:12:53 PM"
"9B19A058.docx","81090","12/3/2023 11:12:53 PM"
"9B19B001.docx","70251","12/3/2023 11:12:53 PM"
"9B19B002.docx","115794","12/3/2023 11:12:54 PM"
"9B19B003.docx","130185","12/3/2023 11:12:54 PM"
"9B19B004.docx","156804","12/3/2023 11:12:54 PM"
"9B19B005.docx","108005","12/3/2023 11:12:54 PM"
"9B19B006.docx","110496","12/3/2023 11:12:55 PM"
"9B19B007.docx","112511","12/3/2023 11:12:55 PM"
"9B19B008.docx","113403","12/3/2023 11:12:55 PM"
"9B19B009.docx","55064","12/3/2023 11:12:55 PM"
"9B19B010.docx","831635","12/3/2023 11:12:55 PM"
"9B19B013.docx","208213","12/3/2023 11:12:56 PM"
"9B19B014.docx","667641","12/3/2023 11:12:56 PM"
"9B19B015.docx","69837","12/3/2023 11:12:56 PM"
"9B19B016.docx","77402","12/3/2023 11:12:56 PM"
"9B19B017.docx","1136131","12/3/2023 11:12:57 PM"
"9B19C001.docx","74877","12/3/2023 11:12:57 PM"
"9B19C002.docx","108251","12/3/2023 11:12:57 PM"
"9B19C003.docx","80242","12/3/2023 11:12:57 PM"
"9B19C004.docx","124348","12/3/2023 11:12:57 PM"
"9B19C005.docx","298304","12/3/2023 11:12:57 PM"
"9B19C006.docx","293098","12/3/2023 11:12:57 PM"
"9B19C007.docx","96158","12/3/2023 11:12:58 PM"
"9B19C008.docx","72164","12/3/2023 11:12:58 PM"
"9B19C009.docx","82863","12/3/2023 11:12:58 PM"
"9B19C010.docx","637607","12/3/2023 11:12:58 PM"
"9B19C011.docx","56409","12/3/2023 11:12:58 PM"
"9B19C012.docx","1171906","12/3/2023 11:12:58 PM"
"9B19C013.docx","235294","12/3/2023 11:12:58 PM"
"9B19C014.docx","334727","12/3/2023 11:12:59 PM"
"9B19C015.docx","81080","12/3/2023 11:12:59 PM"
"9B19C016.docx","865864","12/3/2023 11:12:59 PM"
"9B19C017.docx","1550974","12/3/2023 11:12:59 PM"
"9B19C018.docx","206502","12/3/2023 11:13:00 PM"
"9B19C019.docx","75291","12/3/2023 11:13:00 PM"
"9B19C020.docx","396143","12/3/2023 11:13:05 PM"
"9B19C021.docx","61266","12/3/2023 11:13:05 PM"
"9B19C022.docx","74069","12/3/2023 11:13:05 PM"
"9B19C023.docx","217326","12/3/2023 11:13:06 PM"
"9B19C024.docx","1038063","12/3/2023 11:13:06 PM"
"9B19C026.docx","73050","12/3/2023 11:13:06 PM"
"9B19C027.docx","79157","12/3/2023 11:13:06 PM"
"9B19C028.docx","197847","12/3/2023 11:13:07 PM"
"9B19C029.docx","938690","12/3/2023 11:13:07 PM"
"9B19C030.docx","66920","12/3/2023 11:13:07 PM"
"9B19C031.docx","290166","12/3/2023 11:13:08 PM"
"9B19C032.docx","907915","12/3/2023 11:13:08 PM"
"9B19D001.docx","1407799","12/3/2023 11:13:08 PM"
"9B19D002.docx","560195","12/3/2023 11:13:08 PM"
"9B19D003.docx","423958","12/3/2023 11:13:09 PM"
"9B19D004.docx","321234","12/3/2023 11:13:09 PM"
"9B19D005.docx","62589","12/3/2023 11:13:09 PM"
"9B19D006.docx","691996","12/3/2023 11:13:09 PM"
"9B19D007.docx","849416","12/3/2023 11:13:10 PM"
"9B19D008.docx","59995","12/3/2023 11:13:10 PM"
"9B19D009.docx","499651","12/3/2023 11:13:10 PM"
"9B19D010.docx","103803","12/3/2023 11:13:10 PM"
"9B19D012.docx","64837","12/3/2023 11:13:10 PM"
"9B19D013.docx","186271","12/3/2023 11:13:11 PM"
"9B19D014.docx","63174","12/3/2023 11:13:11 PM"
"9B19D015.docx","133012","12/3/2023 11:13:11 PM"
"9B19D016.docx","65197","12/3/2023 11:13:12 PM"
"9B19D018.docx","299152","12/3/2023 11:13:12 PM"
"9B19D020.docx","94992","12/3/2023 11:13:12 PM"
"9B19D021.docx","131154","12/3/2023 11:13:12 PM"
"9B19D022.docx","203909","12/3/2023 11:13:12 PM"
"9B19D023.docx","159084","12/3/2023 11:13:13 PM"
"9B19D024.docx","312599","12/3/2023 11:13:13 PM"
"9B19E001.docx","713541","12/3/2023 11:13:13 PM"
"9B19E002.docx","250879","12/3/2023 11:13:13 PM"
"9B19E003.docx","818432","12/3/2023 11:13:13 PM"
"9B19E004.docx","555059","12/3/2023 11:13:13 PM"
"9B19E006.docx","122091","12/3/2023 11:13:13 PM"
"9B19E007.docx","78877","12/3/2023 11:13:13 PM"
"9B19E008.docx","3527204","12/3/2023 11:13:14 PM"
"9B19E009.docx","625167","12/3/2023 11:13:14 PM"
"9B19E010.docx","1382383","12/3/2023 11:13:21 PM"
"9B19E011.docx","168264","12/3/2023 11:13:21 PM"
"9B19E012.docx","128184","12/3/2023 11:13:21 PM"
"9B19E013.docx","74660","12/3/2023 11:13:21 PM"
"9B19E014.docx","84823","12/3/2023 11:13:22 PM"
"9B19E015.docx","103863","12/3/2023 11:13:22 PM"
"9B19E016.docx","163635","12/3/2023 11:13:22 PM"
"9B19E019.docx","80136","12/3/2023 11:13:22 PM"
"9B19E020.docx","114946","12/3/2023 11:13:22 PM"
"9B19E021.docx","1047580","12/3/2023 11:13:23 PM"
"9B19E022.docx","216996","12/3/2023 11:13:23 PM"
"9B19E023.docx","431682","12/3/2023 11:13:23 PM"
"9B19M001.docx","81311","12/3/2023 11:13:24 PM"
"9B19M002.docx","98503","12/3/2023 11:13:24 PM"
"9B19M003.docx","103247","12/3/2023 11:13:24 PM"
"9B19M004.docx","323546","12/3/2023 11:13:24 PM"
"9B19M005.docx","72905","12/3/2023 11:13:25 PM"
"9B19M006.docx","721789","12/3/2023 11:13:25 PM"
"9B19M007.docx","100829","12/3/2023 11:13:27 PM"
"9B19M008.docx","176587","12/3/2023 11:13:27 PM"
"9B19M009.docx","112464","12/3/2023 11:13:28 PM"
"9B19M010.docx","449581","12/3/2023 11:13:28 PM"
"9B19M011.docx","1601664","12/3/2023 11:13:28 PM"
"9B19M012.docx","236911","12/3/2023 11:13:29 PM"
"9B19M013.docx","252421","12/3/2023 11:13:29 PM"
"9B19M014.docx","776375","12/3/2023 11:13:29 PM"
"9B19M015.docx","62060","12/3/2023 11:13:29 PM"
"9B19M016.docx","86607","12/3/2023 11:13:29 PM"
"9B19M017.docx","143741","12/3/2023 11:13:30 PM"
"9B19M018.docx","3684918","12/3/2023 11:13:30 PM"
"9B19M019.docx","134212","12/3/2023 11:13:31 PM"
"9B19M021.docx","66462","12/3/2023 11:13:31 PM"
"9B19M022.docx","1804335","12/3/2023 11:13:31 PM"
"9B19M023.docx","5599873","12/3/2023 11:13:31 PM"
"9B19M024.docx","3320730","12/3/2023 11:13:32 PM"
"9B19M025.docx","339350","12/3/2023 11:13:33 PM"
"9B19M026.docx","172888","12/3/2023 11:13:33 PM"
"9B19M027.docx","4939036","12/3/2023 11:13:33 PM"
"9B19M028.docx","95568","12/3/2023 11:13:34 PM"
"9B19M029.docx","213895","12/3/2023 11:13:34 PM"
"9B19M030.docx","101765","12/3/2023 11:13:34 PM"
"9B19M031.docx","75897","12/3/2023 11:13:34 PM"
"9B19M032.docx","101297","12/3/2023 11:13:34 PM"
"9B19M033.docx","635324","12/3/2023 11:13:35 PM"
"9B19M034.docx","86838","12/3/2023 11:13:35 PM"
"9B19M035.docx","91652","12/3/2023 11:13:35 PM"
"9B19M036.docx","3202471","12/3/2023 11:13:35 PM"
"9B19M037.docx","816642","12/3/2023 11:13:35 PM"
"9B19M038.docx","115810","12/3/2023 11:13:36 PM"
"9B19M039.docx","302632","12/3/2023 11:13:36 PM"
"9B19M040.docx","650971","12/3/2023 11:13:36 PM"
"9B19M041.docx","871535","12/3/2023 11:13:36 PM"
"9B19M042.docx","50738","12/3/2023 11:13:37 PM"
"9B19M043.docx","1798569","12/3/2023 11:13:39 PM"
"9B19M044.docx","75360","12/3/2023 11:13:39 PM"
"9B19M045.docx","83322","12/3/2023 11:13:39 PM"
"9B19M046.docx","568873","12/3/2023 11:13:40 PM"
"9B19M047.docx","1988417","12/3/2023 11:13:40 PM"
"9B19M048.docx","124675","12/3/2023 11:13:40 PM"
"9B19M049.docx","678428","12/3/2023 11:13:41 PM"
"9B19M050.docx","85107","12/3/2023 11:13:41 PM"
"9B19M051.docx","68805","12/3/2023 11:13:41 PM"
"9B19M052.docx","363210","12/3/2023 11:13:41 PM"
"9B19M053.docx","88471","12/3/2023 11:13:42 PM"
"9B19M054.docx","92276","12/3/2023 11:13:42 PM"
"9B19M055.docx","419131","12/3/2023 11:13:42 PM"
"9B19M056.docx","414436","12/3/2023 11:13:42 PM"
"9B19M057.docx","125107","12/3/2023 11:13:43 PM"
"9B19M058.docx","79161","12/3/2023 11:13:43 PM"
"9B19M059.docx","167848","12/3/2023 11:13:43 PM"
"9B19M061.docx","100611","12/3/2023 11:13:43 PM"
"9B19M062.docx","567554","12/3/2023 11:13:43 PM"
"9B19M063.docx","738776","12/3/2023 11:13:44 PM"
"9B19M064.docx","101765","12/3/2023 11:13:44 PM"
"9B19M065.docx","80388","12/3/2023 11:13:44 PM"
"9B19M066.docx","1199809","12/3/2023 11:13:44 PM"
"9B19M067.docx","137635","12/3/2023 11:13:44 PM"
"9B19M068.docx","523105","12/3/2023 11:13:45 PM"
"9B19M069.docx","110045","12/3/2023 11:13:45 PM"
"9B19M070.docx","99813","12/3/2023 11:13:45 PM"
"9B19M071.docx","333811","12/3/2023 11:13:45 PM"
"9B19M072.docx","91133","12/3/2023 11:13:45 PM"
"9B19M073.docx","86527","12/3/2023 11:13:46 PM"
"9B19M074.docx","419902","12/3/2023 11:13:46 PM"
"9B19M075.docx","2126798","12/3/2023 11:13:46 PM"
"9B19M076.docx","145046","12/3/2023 11:13:46 PM"
"9B19M077.docx","90426","12/3/2023 11:13:47 PM"
"9B19M078.docx","1306671","12/3/2023 11:13:47 PM"
"9B19M079.docx","251222","12/3/2023 11:13:47 PM"
"9B19M080.docx","113722","12/3/2023 11:13:47 PM"
"9B19M081.docx","82772","12/3/2023 11:13:48 PM"
"9B19M082.docx","80592","12/3/2023 11:13:48 PM"
"9B19M083.docx","103980","12/3/2023 11:13:48 PM"
"9B19M084.docx","86252","12/3/2023 11:13:48 PM"
"9B19M085.docx","112718","12/3/2023 11:13:48 PM"
"9B19M086.docx","69050","12/3/2023 11:13:49 PM"
"9B19M087.docx","94019","12/3/2023 11:13:49 PM"
"9B19M088.docx","84145","12/3/2023 11:13:49 PM"
"9B19M089.docx","71710","12/3/2023 11:13:49 PM"
"9B19M090.docx","5952649","12/3/2023 11:13:50 PM"
"9B19M091.docx","410637","12/3/2023 11:13:50 PM"
"9B19M092.docx","190081","12/3/2023 11:13:50 PM"
"9B19M093.docx","123531","12/3/2023 11:13:50 PM"
"9B19M094.docx","69149","12/3/2023 11:13:51 PM"
"9B19M095.docx","106870","12/3/2023 11:13:51 PM"
"9B19M096.docx","616036","12/3/2023 11:13:51 PM"
"9B19M097.docx","107467","12/3/2023 11:13:51 PM"
"9B19M098.docx","77679","12/3/2023 11:13:52 PM"
"9B19M099.docx","81865","12/3/2023 11:13:52 PM"
"9B19M100.docx","386285","12/3/2023 11:13:52 PM"
"9B19M101.docx","121997","12/3/2023 11:13:52 PM"
"9B19M102.docx","912880","12/3/2023 11:13:53 PM"
"9B19M103.docx","70956","12/3/2023 11:13:53 PM"
"9B19M104.docx","1022997","12/3/2023 11:13:53 PM"
"9B19M105.docx","168342","12/3/2023 11:13:56 PM"
"9B19M106.docx","61514","12/3/2023 11:13:56 PM"
"9B19M108.docx","133963","12/3/2023 11:13:56 PM"
"9B19M110.docx","207012","12/3/2023 11:13:56 PM"
"9B19M111.docx","131687","12/3/2023 11:13:57 PM"
"9B19M112.docx","66878","12/3/2023 11:13:57 PM"
"9B19M113.docx","628141","12/3/2023 11:13:57 PM"
"9B19M114.docx","105755","12/3/2023 11:13:57 PM"
"9B19M115.docx","2243356","12/3/2023 11:13:57 PM"
"9B19M116.docx","129353","12/3/2023 11:13:58 PM"
"9B19M117.docx","124694","12/3/2023 11:13:58 PM"
"9B19M118.docx","135917","12/3/2023 11:13:58 PM"
"9B19M119.docx","90058","12/3/2023 11:13:59 PM"
"9B19M120.docx","837687","12/3/2023 11:13:59 PM"
"9B19M121.docx","288697","12/3/2023 11:13:59 PM"
"9B19M122.docx","257567","12/3/2023 11:13:59 PM"
"9B19M123.docx","94400","12/3/2023 11:13:59 PM"
"9B19M124.docx","73239","12/3/2023 11:14:00 PM"
"9B19M125.docx","68893","12/3/2023 11:14:00 PM"
"9B19M126.docx","137219","12/3/2023 11:14:00 PM"
"9B19M127.docx","99604","12/3/2023 11:14:00 PM"
"9B19M128.docx","82235","12/3/2023 11:14:00 PM"
"9B19M129.docx","75346","12/3/2023 11:14:00 PM"
"9B19M130.docx","75164","12/3/2023 11:14:00 PM"
"9B19M131.docx","60530","12/3/2023 11:14:00 PM"
"9B19M133.docx","95903","12/3/2023 11:14:00 PM"
"9B19M134.docx","582095","12/3/2023 11:14:01 PM"
"9B19M135.docx","106232","12/3/2023 11:14:02 PM"
"9B19M136.docx","111143","12/3/2023 11:14:02 PM"
"9B19M137.docx","85413","12/3/2023 11:14:03 PM"
"9B19M138.docx","105551","12/3/2023 11:14:03 PM"
"9B19M139.docx","140672","12/3/2023 11:14:03 PM"
"9B19M140.docx","179153","12/3/2023 11:14:03 PM"
"9B19M141.docx","80014","12/3/2023 11:14:03 PM"
"9B19N001.docx","812414","12/3/2023 11:14:03 PM"
"9B19N002.docx","177326","12/3/2023 11:14:03 PM"
"9B19N003.docx","69491","12/3/2023 11:14:04 PM"
"9B19N004.docx","76166","12/3/2023 11:14:04 PM"
"9B19N005.docx","206887","12/3/2023 11:14:04 PM"
"9B19N006.docx","99030","12/3/2023 11:14:04 PM"
"9B19N007.docx","88693","12/3/2023 11:14:04 PM"
"9B19N008.docx","213901","12/3/2023 11:14:04 PM"
"9B19N009.docx","123302","12/3/2023 11:14:05 PM"
"9B19N010.docx","449870","12/3/2023 11:14:05 PM"
"9B19N011.docx","122197","12/3/2023 11:14:05 PM"
"9B19N012.docx","148474","12/3/2023 11:14:05 PM"
"9B19N013.docx","79199","12/3/2023 11:14:05 PM"
"9B19N014.docx","1350166","12/3/2023 11:14:05 PM"
"9B19N015.docx","91091","12/3/2023 11:14:06 PM"
"9B19N016.docx","276640","12/3/2023 11:14:06 PM"
"9B19N017.docx","82125","12/3/2023 11:14:06 PM"
"9B19N018.docx","72295","12/3/2023 11:14:06 PM"
"9B19N019.docx","353060","12/3/2023 11:14:08 PM"
"9B19N020.docx","292950","12/3/2023 11:14:08 PM"
"9B19N021.docx","128184","12/3/2023 11:14:08 PM"
"9B19N022.docx","129755","12/3/2023 11:14:08 PM"
"9B19N023.docx","1328611","12/3/2023 11:14:09 PM"
"9B19N024.docx","318917","12/3/2023 11:14:09 PM"
"9B20C011.docx","49360","12/3/2023 11:06:53 PM"
"9B21A001.docx","1076631","12/3/2023 11:06:53 PM"
"9B21A002.docx","184425","12/3/2023 11:06:53 PM"
"9B21A003.docx","491965","12/3/2023 11:06:53 PM"
"9B21A004.docx","84395","12/3/2023 11:06:53 PM"
"9B21A005.docx","63716","12/3/2023 11:06:54 PM"
"9B21A006.docx","10197199","12/3/2023 11:06:54 PM"
"9B21A007.docx","85785","12/3/2023 11:06:54 PM"
"9B21A008.docx","134158","12/3/2023 11:06:54 PM"
"9B21A009.docx","73912","12/3/2023 11:06:54 PM"
"9B21A010.docx","773077","12/3/2023 11:06:54 PM"
"9B21A011.docx","148823","12/3/2023 11:06:54 PM"
"9B21A012.docx","28815682","12/3/2023 11:06:55 PM"
"9B21A013.docx","94602","12/3/2023 11:06:55 PM"
"9B21A014.docx","180153","12/3/2023 11:06:55 PM"
"9B21A015.docx","1445432","12/3/2023 11:06:55 PM"
"9B21A016.docx","71263","12/3/2023 11:06:55 PM"
"9B21A017.docx","326914","12/3/2023 11:06:56 PM"
"9B21A018.docx","84184","12/3/2023 11:06:56 PM"
"9B21A019.docx","461552","12/3/2023 11:06:56 PM"
"9B21A020.docx","199156","12/3/2023 11:06:56 PM"
"9B21A021.docx","100670","12/3/2023 11:06:56 PM"
"9B21A022.docx","5512774","12/3/2023 11:06:57 PM"
"9B21A023.docx","570699","12/3/2023 11:06:57 PM"
"9B21A024.docx","5870379","12/3/2023 11:06:59 PM"
"9B21A025.docx","82630","12/3/2023 11:06:59 PM"
"9B21B001.docx","144152","12/3/2023 11:06:59 PM"
"9B21B002.docx","54266","12/3/2023 11:06:59 PM"
"9B21B003.docx","67350","12/3/2023 11:06:59 PM"
"9B21B004.docx","825731","12/3/2023 11:06:59 PM"
"9B21B005.docx","66211","12/3/2023 11:06:59 PM"
"9B21B006.docx","52922","12/3/2023 11:06:59 PM"
"9B21B007.docx","185657","12/3/2023 11:06:59 PM"
"9B21B008.docx","65188","12/3/2023 11:06:59 PM"
"9B21B009.docx","52143","12/3/2023 11:06:59 PM"
"9B21B010.docx","258287","12/3/2023 11:07:00 PM"
"9B21B011.docx","129999","12/3/2023 11:07:00 PM"
"9B21B012.docx","70650","12/3/2023 11:07:00 PM"
"9B21B013.docx","222764","12/3/2023 11:07:00 PM"
"9B21C001.docx","73904","12/3/2023 11:07:00 PM"
"9B21C002.docx","56524","12/3/2023 11:07:01 PM"
"9B21C003.docx","137792","12/3/2023 11:07:02 PM"
"9B21C004.docx","525065","12/3/2023 11:07:02 PM"
"9B21C005.docx","70641","12/3/2023 11:07:02 PM"
"9B21C006.docx","65358","12/3/2023 11:07:02 PM"
"9B21C007.docx","52788","12/3/2023 11:07:02 PM"
"9B21C008.docx","133208","12/3/2023 11:07:02 PM"
"9B21C009.docx","63778","12/3/2023 11:07:03 PM"
"9B21C010.docx","173898","12/3/2023 11:07:03 PM"
"9B21C012.docx","799465","12/3/2023 11:07:04 PM"
"9B21C013.docx","75920","12/3/2023 11:07:04 PM"
"9B21C014.docx","124813","12/3/2023 11:07:04 PM"
"9B21C015.docx","229583","12/3/2023 11:07:04 PM"
"9B21C016.docx","215113","12/3/2023 11:07:04 PM"
"9B21C017.docx","1403829","12/3/2023 11:07:04 PM"
"9B21C018.docx","126770","12/3/2023 11:07:04 PM"
"9B21C019.docx","85709","12/3/2023 11:07:04 PM"
"9B21C020.docx","53380","12/3/2023 11:07:04 PM"
"9B21C021.docx","51086","12/3/2023 11:07:05 PM"
"9B21C022.docx","52652","12/3/2023 11:07:05 PM"
"9B21C023.docx","29855","12/3/2023 11:07:05 PM"
"9B21C024.docx","52821","12/3/2023 11:07:05 PM"
"9B21C025.docx","51513","12/3/2023 11:07:05 PM"
"9B21C026.docx","102219","12/3/2023 11:07:05 PM"
"9B21C027.docx","520956","12/3/2023 11:07:05 PM"
"9B21C028.docx","5085965","12/3/2023 11:07:06 PM"
"9B21C029.docx","66660","12/3/2023 11:07:06 PM"
"9B21C030.docx","54515","12/3/2023 11:07:06 PM"
"9B21C031.docx","55032","12/3/2023 11:07:06 PM"
"9B21C032.docx","53600","12/3/2023 11:07:06 PM"
"9B21C033.docx","54837","12/3/2023 11:07:06 PM"
"9B21C034.docx","53661","12/3/2023 11:07:07 PM"
"9B21C035.docx","55264","12/3/2023 11:07:07 PM"
"9B21C036.docx","147617","12/3/2023 11:07:07 PM"
"9B21C037.docx","808945","12/3/2023 11:07:07 PM"
"9B21D001.docx","67948","12/3/2023 11:07:07 PM"
"9B21D002.docx","220793","12/3/2023 11:07:07 PM"
"9B21D003.docx","94873","12/3/2023 11:07:07 PM"
"9B21D004.docx","61909","12/3/2023 11:07:07 PM"
"9B21D005.docx","575386","12/3/2023 11:07:08 PM"
"9B21D006.docx","806612","12/3/2023 11:07:08 PM"
"9B21D007.docx","418591","12/3/2023 11:07:08 PM"
"9B21D008.docx","1515855","12/3/2023 11:07:08 PM"
"9B21D009.docx","558066","12/3/2023 11:07:08 PM"
"9B21D010.docx","5786700","12/3/2023 11:07:09 PM"
"9B21D011.docx","78552","12/3/2023 11:07:09 PM"
"9B21D012.docx","98789","12/3/2023 11:07:09 PM"
"9B21E001.docx","410240","12/3/2023 11:07:09 PM"
"9B21E002.docx","71288","12/3/2023 11:07:09 PM"
"9B21E003.docx","139612","12/3/2023 11:07:09 PM"
"9B21E004.docx","252141","12/3/2023 11:07:09 PM"
"9B21E005.docx","82080","12/3/2023 11:07:09 PM"
"9B21E006.docx","83598","12/3/2023 11:07:09 PM"
"9B21E007.docx","98054","12/3/2023 11:07:10 PM"
"9B21E008.docx","186299","12/3/2023 11:07:10 PM"
"9B21E009.docx","68207","12/3/2023 11:07:10 PM"
"9B21E010.docx","601455","12/3/2023 11:07:10 PM"
"9B21E011.docx","101757","12/3/2023 11:07:10 PM"
"9B21E012.docx","57506","12/3/2023 11:07:10 PM"
"9B21E013.docx","1548261","12/3/2023 11:07:10 PM"
"9B21M001.docx","80158","12/3/2023 11:07:10 PM"
"9B21M002.docx","2133103","12/3/2023 11:07:11 PM"
"9B21M003.docx","7696166","12/3/2023 11:07:12 PM"
"9B21M004.docx","139721","12/3/2023 11:07:12 PM"
"9B21M005.docx","89520","12/3/2023 11:07:12 PM"
"9B21M006.docx","474790","12/3/2023 11:07:12 PM"
"9B21M007.docx","96916","12/3/2023 11:07:12 PM"
"9B21M008.docx","76119","12/3/2023 11:07:13 PM"
"9B21M009.docx","76691","12/3/2023 11:07:13 PM"
"9B21M010.docx","368946","12/3/2023 11:07:13 PM"
"9B21M011.docx","181103","12/3/2023 11:07:13 PM"
"9B21M012.docx","94885","12/3/2023 11:07:13 PM"
"9B21M013.docx","101162","12/3/2023 11:07:13 PM"
"9B21M014.docx","1102789","12/3/2023 11:07:13 PM"
"9B21M015.docx","2146546","12/3/2023 11:07:14 PM"
"9B21M016.docx","109268","12/3/2023 11:07:14 PM"
"9B21M017.docx","78623","12/3/2023 11:07:14 PM"
"9B21M018.docx","93135","12/3/2023 11:07:14 PM"
"9B21M019.docx","17311192","12/3/2023 11:07:15 PM"
"9B21M020.docx","9220279","12/3/2023 11:07:16 PM"
"9B21M021.docx","253974","12/3/2023 11:07:16 PM"
"9B21M022.docx","1115137","12/3/2023 11:07:16 PM"
"9B21M023.docx","1246223","12/3/2023 11:07:16 PM"
"9B21M024.docx","159437","12/3/2023 11:07:16 PM"
"9B21M025.docx","89677","12/3/2023 11:07:16 PM"
"9B21M026.docx","58457","12/3/2023 11:07:16 PM"
"9B21M027.docx","153041","12/3/2023 11:07:17 PM"
"9B21M028.docx","205104","12/3/2023 11:07:17 PM"
"9B21M029.docx","100137","12/3/2023 11:07:17 PM"
"9B21M030.docx","80619","12/3/2023 11:07:17 PM"
"9B21M031.docx","100653","12/3/2023 11:07:17 PM"
"9B21M032.docx","128340","12/3/2023 11:07:17 PM"
"9B21M033.docx","1474347","12/3/2023 11:07:17 PM"
"9B21M034.docx","552832","12/3/2023 11:07:17 PM"
"9B21M035.docx","2639945","12/3/2023 11:07:18 PM"
"9B21M036.docx","92498","12/3/2023 11:07:18 PM"
"9B21M037.docx","93575","12/3/2023 11:07:18 PM"
"9B21M038.docx","96326","12/3/2023 11:07:18 PM"
"9B21M039.docx","96196","12/3/2023 11:07:18 PM"
"9B21M040.docx","55697","12/3/2023 11:07:18 PM"
"9B21M041.docx","126630","12/3/2023 11:07:18 PM"
"9B21M042.docx","137111","12/3/2023 11:07:19 PM"
"9B21M043.docx","106520","12/3/2023 11:07:19 PM"
"9B21M044.docx","150162","12/3/2023 11:07:19 PM"
"9B21M045.docx","92718","12/3/2023 11:07:19 PM"
"9B21M046.docx","5230469","12/3/2023 11:07:19 PM"
"9B21M047.docx","1310517","12/3/2023 11:07:21 PM"
"9B21M048.docx","87016","12/3/2023 11:07:21 PM"
"9B21M049.docx","242194","12/3/2023 11:07:21 PM"
"9B21M050.docx","307512","12/3/2023 11:07:21 PM"
"9B21M051.docx","81332","12/3/2023 11:07:21 PM"
"9B21M052.docx","417620","12/3/2023 11:07:21 PM"
"9B21M053.docx","336185","12/3/2023 11:07:21 PM"
"9B21M054.docx","82957","12/3/2023 11:07:22 PM"
"9B21M055.docx","1209008","12/3/2023 11:07:22 PM"
"9B21M056.docx","119697","12/3/2023 11:07:22 PM"
"9B21M057.docx","125295","12/3/2023 11:07:22 PM"
"9B21M058.docx","106995","12/3/2023 11:07:22 PM"
"9B21M059.docx","89364","12/3/2023 11:07:22 PM"
"9B21M060.docx","155748","12/3/2023 11:07:22 PM"
"9B21M061.docx","104261","12/3/2023 11:07:23 PM"
"9B21M062.docx","181747","12/3/2023 11:07:23 PM"
"9B21M063.docx","603246","12/3/2023 11:07:23 PM"
"9B21M064.docx","103183","12/3/2023 11:07:23 PM"
"9B21M065.docx","175442","12/3/2023 11:07:23 PM"
"9B21M066.docx","1161443","12/3/2023 11:07:23 PM"
"9B21M067.docx","559344","12/3/2023 11:07:23 PM"
"9B21M068.docx","82787","12/3/2023 11:07:23 PM"
"9B21M069.docx","348289","12/3/2023 11:07:23 PM"
"9B21M070.docx","126092","12/3/2023 11:07:23 PM"
"9B21M071.docx","1866306","12/3/2023 11:07:24 PM"
"9B21M072.docx","103046","12/3/2023 11:07:24 PM"
"9B21M073.docx","1731742","12/3/2023 11:07:24 PM"
"9B21M074.docx","1224441","12/3/2023 11:07:24 PM"
"9B21M075.docx","107322","12/3/2023 11:07:24 PM"
"9B21M076.docx","66730","12/3/2023 11:07:24 PM"
"9B21N001.docx","778732","12/3/2023 11:07:24 PM"
"9B21N002.docx","248375","12/3/2023 11:07:25 PM"
"9B21N003.docx","117272","12/3/2023 11:07:25 PM"
"9B21N004.docx","149356","12/3/2023 11:07:25 PM"
"9B21N005.docx","87283","12/3/2023 11:07:25 PM"
"9B21N006.docx","146501","12/3/2023 11:07:25 PM"
"9B21N007.docx","1968187","12/3/2023 11:07:25 PM"
"9B21N008.docx","14963054","12/3/2023 11:07:26 PM"
"9B21N009.docx","70870","12/3/2023 11:07:26 PM"
"9B21N010.docx","167542","12/3/2023 11:07:26 PM"
"renamed_filelist.csv","0","12/5/2023 3:06:20 PM"
