Product Number,TEXT,isP_bin,1RE_val,2RE_val,G_val,A_val,Name,Length,LastWriteTime
9B16N001,,1.0,BROWN,SOUTHERN ASIA,MAN,,9B16N001,143997,12/3/2023 11:12:16 PM
9B17A001,,1.0,ASIAN,SOUTHERN ASIA,MAN,35.0,9B17A001,2767002,12/3/2023 11:12:17 PM
,,,,,,,9B17A002,553481,12/3/2023 11:12:17 PM
9B17A003,,0.0,,,,,9B17A003,341993,12/3/2023 11:12:28 PM
9B17A005,,1.0,WHITE,,MAN,40.0,9B17A005,285072,12/3/2023 11:12:17 PM
9B17A006,,1.0,BROWN,NORTH AMERICA,MAN,,9B17A006,841781,12/3/2023 11:12:17 PM
9B17A007,,1.0,WHITE,EASTERN ASIA,WOMAN,,9B17A007,71975,12/3/2023 11:12:17 PM
9B17A008,,1.0,BROWN,,WOMAN,,9B17A008,411854,12/3/2023 11:12:17 PM
9B17A009,,0.0,,,,,9B17A009,64211,12/3/2023 11:12:17 PM
9B17A010,,1.0,BROWN,SOUTHERN ASIA,MAN,,9B17A010,91158,12/3/2023 11:12:18 PM
9B17A012,,1.0,WHITE,NORTH AMERICA,MAN,,9B17A012,95507,12/3/2023 11:12:18 PM
9B17A013,,1.0,BROWN,NORTH AMERICA,MAN,,9B17A013,90851,12/3/2023 11:12:18 PM
9B17A014,,1.0,WHITE,SOUTHERN ASIA,MAN,43.0,9B17A014,742143,12/3/2023 11:12:18 PM
9B17A015,,1.0,BROWN,NORTH AMERICA,MAN,,9B17A015,1313519,12/3/2023 11:12:18 PM
9B17A016,,1.0,BROWN,SOUTHERN ASIA,MAN,,9B17A016,76512,12/3/2023 11:12:18 PM
9B17A017,,1.0,WHITE,CARIBBEAN,WOMAN,,9B17A017,927732,12/3/2023 11:12:18 PM
9B17A018,,0.0,,,,,9B17A018,271095,12/3/2023 11:12:18 PM
9B17A019,,1.0,WHITE,SOUTHERN ASIA,MAN,,9B17A019,1335559,12/3/2023 11:12:19 PM
9B17A020,,0.0,,,,,9B17A020,308386,12/3/2023 11:12:19 PM
9B17A021,,1.0,WHITE,,MAN,,9B17A021,89589,12/3/2023 11:12:19 PM
9B17A022,,0.0,,,,,9B17A022,76286,12/3/2023 11:12:19 PM
9B17A023,,0.0,,,,,9B17A023,89149,12/3/2023 11:12:19 PM
9B17A024,,1.0,BROWN,SOUTHERN ASIA,MAN,,9B17A024,746259,12/3/2023 11:12:19 PM
9B17A025,,1.0,WHITE,SOUTHERN ASIA,MAN,,9B17A025,119828,12/3/2023 11:12:20 PM
9B17A026,,1.0,BROWN,,MAN,,9B17A026,158178,12/3/2023 11:12:20 PM
9B17A027,,1.0,WHITE,NORTH AMERICA,WOMAN,,9B17A027,132554,12/3/2023 11:12:20 PM
9B17A028,,1.0,BROWN,SOUTHERN ASIA,MAN,,9B17A028,640152,12/3/2023 11:12:20 PM
9B17A029,,0.0,,,,,9B17A029,124486,12/3/2023 11:12:20 PM
9B17A030,,0.0,,,,,9B17A030,101572,12/3/2023 11:12:20 PM
9B17A031,,1.0,BLACK,NORTH AMERICA,MAN,37.0,9B17A031,1072806,12/3/2023 11:12:20 PM
9B17A032,,0.0,,,,,9B17A032,81542,12/3/2023 11:12:21 PM
9B17A033,,1.0,BROWN,NORTH AMERICA,MAN,,9B17A033,1086204,12/3/2023 11:12:21 PM
9B17A034,,0.0,,,,,9B17A034,71519,12/3/2023 11:12:21 PM
9B17A035,,1.0,WHITE,,MAN,25.0,9B17A035,1389855,12/3/2023 11:12:21 PM
9B17A036,,1.0,WHITE,SOUTHERN ASIA,MAN,,9B17A036,176176,12/3/2023 11:12:21 PM
,,,,,,,9B17A037,1924497,12/3/2023 11:12:22 PM
,,,,,,,9B17A038,464030,12/3/2023 11:12:22 PM
,,,,,,,9B17A039,406129,12/3/2023 11:12:22 PM
,,,,,,,9B17A040,1328334,12/3/2023 11:12:23 PM
,,,,,,,9B17A041,184081,12/3/2023 11:12:23 PM
,,,,,,,9B17A042,427844,12/3/2023 11:12:23 PM
9B17A043,,1.0,WHITE,SOUTHERN ASIA,MAN,53.0,9B17A043,2616611,12/3/2023 11:12:23 PM
,,,,,,,9B17A044,75773,12/3/2023 11:12:24 PM
9B17A045,,1.0,BROWN,SOUTHERN ASIA,MAN,,9B17A045,111804,12/3/2023 11:12:24 PM
,,,,,,,9B17A046,2122229,12/3/2023 11:12:24 PM
9B17A047,,1.0,BROWN,SOUTHERN ASIA,MAN,,9B17A047,72203,12/3/2023 11:12:24 PM
9B17A048,,0.0,,,,,9B17A048,183524,12/3/2023 11:12:24 PM
9B17A049,,1.0,WHITE,SOUTHERN ASIA,MAN,,9B17A049,2670088,12/3/2023 11:12:25 PM
9B17A050,,1.0,WHITE,,MAN,,9B17A050,93662,12/3/2023 11:12:25 PM
,,,,,,,9B17A051,1253322,12/3/2023 11:12:25 PM
,,,,,,,9B17A052,69137,12/3/2023 11:12:25 PM
9B17A053,,1.0,ASIAN,NORTH AMERICA,WOMAN,,9B17A053,69763,12/3/2023 11:12:26 PM
9B17A054,,1.0,WHITE,,MAN,,9B17A054,94382,12/3/2023 11:12:26 PM
9B17A055,,1.0,WHITE,,MAN,,9B17A055,3131589,12/3/2023 11:12:26 PM
,,,,,,,9B17A056,71349,12/3/2023 11:12:26 PM
9B17A057,,0.0,,,,,9B17A057,113342,12/3/2023 11:12:26 PM
9B17A058,,1.0,,SOUTHERN ASIA,MAN,,9B17A058,706751,12/3/2023 11:12:26 PM
9B17A059,,1.0,BROWN,,MAN,,9B17A059,373124,12/3/2023 11:12:26 PM
9B17A060,,1.0,WHITE,EASTERN ASIA,WOMAN,,9B17A060,233617,12/3/2023 11:12:27 PM
9B17A061,,1.0,BROWN,SOUTHERN ASIA,MAN,,9B17A061,3341458,12/3/2023 11:12:27 PM
9B17A062,,1.0,BROWN,NORTH AMERICA,MAN,,9B17A062,1937537,12/3/2023 11:12:27 PM
9B17A063,,1.0,WHITE,SOUTHERN ASIA,MAN,,9B17A063,244218,12/3/2023 11:12:27 PM
9B17A064,,1.0,BROWN,NORTH AMERICA,MAN,,9B17A064,149083,12/3/2023 11:12:27 PM
9B17A065,,1.0,BROWN,NORTH AMERICA,WOMAN,,9B17A065,80049,12/3/2023 11:12:27 PM
9B17A066,,1.0,ASIAN,SOUTHERN ASIA,MAN,,9B17A066,395499,12/3/2023 11:12:28 PM
9B17A067,,1.0,WHITE,NORTH AMERICA,MAN,60.0,9B17A067,93899,12/3/2023 11:12:28 PM
9B17A069,,1.0,WHITE,EASTERN EUROPE,WOMAN,23.0,9B17A069,415949,12/3/2023 11:12:28 PM
,,,,,,,9B17B001,260433,12/3/2023 11:12:28 PM
9B17B002,,1.0,BROWN,,MAN,,9B17B002,71869,12/3/2023 11:12:28 PM
,,,,,,,9B17B003,66740,12/3/2023 11:12:28 PM
9B17B004,,1.0,WHITE,WESTERN ASIA,MAN,51.0,9B17B004,97377,12/3/2023 11:12:29 PM
9B17B005,,1.0,WHITE,,WOMAN,,9B17B005,66445,12/3/2023 11:12:29 PM
9B17B006,,1.0,WHITE,SOUTHERN ASIA,MAN,59.0,9B17B006,230275,12/3/2023 11:12:29 PM
9B17B007,,1.0,WHITE,NORTH AMERICA,MAN,,9B17B007,440555,12/3/2023 11:12:30 PM
,,,,,,,9B17B008,66823,12/3/2023 11:12:30 PM
9B17B009,,0.0,,,,,9B17B009,88377,12/3/2023 11:12:30 PM
9B17B010,,0.0,,,,,9B17B010,86158,12/3/2023 11:12:30 PM
9B17B011,,1.0,WHITE,,WOMAN,,9B17B011,51431,12/3/2023 11:12:30 PM
9B17B012,,1.0,WHITE,SOUTH AMERICA,WOMAN,,9B17B012,52694,12/3/2023 11:12:30 PM
9B17B013,,1.0,BROWN,EASTERN ASIA,MAN,,9B17B013,2058602,12/3/2023 11:12:31 PM
9B17B014,,1.0,WHITE,SOUTHERN ASIA,MAN,,9B17B014,736876,12/3/2023 11:12:31 PM
9B17B015,,1.0,BROWN,EASTERN ASIA,WOMAN,,9B17B015,144655,12/3/2023 11:12:31 PM
9B17B016,,1.0,ASIAN,,MAN,,9B17B016,77458,12/3/2023 11:12:31 PM
9B17B017,,1.0,,,MAN,,9B17B017,1411524,12/3/2023 11:12:31 PM
9B17B019,,1.0,WHITE,NORTH AMERICA,WOMAN,,9B17B019,97421,12/3/2023 11:12:31 PM
9B17B021,,1.0,WHITE,EASTERN ASIA,WOMAN,,9B17B021,53739,12/3/2023 11:12:31 PM
9B17B022,,1.0,WHITE,SOUTHEASTERN ASIA,WOMAN,,9B17B022,62188,12/3/2023 11:12:32 PM
9B17C001,,1.0,WHITE,NORTH AMERICA,MAN,,9B17C001,60973,12/3/2023 11:12:32 PM
9B17C002,,0.0,,,,,9B17C002,138533,12/3/2023 11:12:32 PM
,,,,,,,9B17C003,144071,12/3/2023 11:12:32 PM
9B17C004,,0.0,,,,,9B17C004,52158,12/3/2023 11:12:32 PM
9B17C006,,1.0,WHITE,EASTERN ASIA,MAN,,9B17C006,159389,12/3/2023 11:12:32 PM
9B17C007,,1.0,BROWN,SOUTHERN ASIA,MAN,,9B17C007,332215,12/3/2023 11:12:32 PM
9B17C008,,1.0,BROWN,SOUTHERN ASIA,MAN,,9B17C008,189538,12/3/2023 11:12:33 PM
9B17C009,,1.0,BROWN,SOUTHERN ASIA,MAN,,9B17C009,116554,12/3/2023 11:12:33 PM
9B17C010,,1.0,BROWN,SOUTHERN ASIA,MAN,,9B17C010,121025,12/3/2023 11:12:33 PM
9B17C011,,1.0,BROWN,,MAN,,9B17C011,310894,12/3/2023 11:12:33 PM
9B17C012,,1.0,ASIAN,NORTH AMERICA,MAN,,9B17C012,95706,12/3/2023 11:12:34 PM
9B17C013,,1.0,WHITE,UNKNOWN,WOMAN,,9B17C013,70570,12/3/2023 11:12:34 PM
9B17C014,,1.0,ASIAN,NORTH AMERICA,MAN,,9B17C014,258259,12/3/2023 11:12:34 PM
9B17C015,,1.0,BROWN,EASTERN ASIA,MAN,,9B17C015,522822,12/3/2023 11:12:34 PM
9B17C016,,1.0,BROWN,SOUTHERN ASIA,MAN,,9B17C016,297090,12/3/2023 11:12:35 PM
9B17C017,,1.0,BROWN,NORTH AMERICA,MAN,80.0,9B17C017,104363,12/3/2023 11:12:35 PM
,,,,,,,9B17C018,103136,12/3/2023 11:12:35 PM
9B17C019,,1.0,BROWN,NORTH AMERICA,MAN,,9B17C019,85519,12/3/2023 11:12:36 PM
9B17C021,,1.0,BROWN,SOUTHERN EUROPE,MAN,48.0,9B17C021,297055,12/3/2023 11:12:37 PM
9B17C022,,1.0,BROWN,,MAN,,9B17C022,331903,12/3/2023 11:12:37 PM
9B17C023,,0.0,,,,,9B17C023,74616,12/3/2023 11:12:38 PM
,,,,,,,9B17C024,1915250,12/3/2023 11:12:38 PM
,,,,,,,9B17C025,201162,12/3/2023 11:12:38 PM
9B17C026,,1.0,WHITE,SOUTHERN ASIA,WOMAN,,9B17C026,106027,12/3/2023 11:12:38 PM
9B17C027,,1.0,BROWN,SOUTHERN ASIA,MAN,,9B17C027,915227,12/3/2023 11:12:38 PM
,,,,,,,9B17C028,242504,12/3/2023 11:12:38 PM
9B17C029,,1.0,BROWN,EASTERN ASIA,MAN,,9B17C029,128834,12/3/2023 11:12:39 PM
9B17C030,,1.0,WHITE,SOUTHERN ASIA,MAN,58.0,9B17C030,2185778,12/3/2023 11:12:40 PM
,,,,,,,9B17C031,186695,12/3/2023 11:12:40 PM
,,,,,,,9B17C032,109204,12/3/2023 11:12:40 PM
9B17C033,,1.0,ASIAN,NORTH AMERICA,MAN,,9B17C033,145188,12/3/2023 11:12:40 PM
9B17C034,,1.0,BROWN,NORTH AMERICA,MAN,,9B17C034,133583,12/3/2023 11:12:40 PM
9B17C035,,1.0,BROWN,SOUTHERN ASIA,MAN,,9B17C035,68790,12/3/2023 11:12:40 PM
9B17C036,,1.0,ASIAN,,MAN,76.0,9B17C036,930682,12/3/2023 11:12:41 PM
,,,,,,,9B17C037,69992,12/3/2023 11:12:41 PM
,,,,,,,9B17C038,57302,12/3/2023 11:12:41 PM
,,,,,,,9B17C039,57360,12/3/2023 11:12:41 PM
9B17C040,,1.0,BLACK,EASTERN AFRICA,MAN,,9B17C040,139772,12/3/2023 11:12:41 PM
9B17C041,,1.0,BROWN,SOUTHERN ASIA,MAN,,9B17C041,315541,12/3/2023 11:12:42 PM
9B17C042,,1.0,WHITE,SOUTHERN AFRICA,MAN,35.0,9B17C042,173582,12/3/2023 11:12:42 PM
9B17C043,,1.0,ASIAN,NORTH AMERICA,MAN,,9B17C043,476207,12/3/2023 11:12:43 PM
,,,,,,,9B17C044,1133107,12/3/2023 11:12:43 PM
9B17C045,,1.0,WHITE,UNKNOWN,MAN,,9B17C045,81922,12/3/2023 11:12:43 PM
9B17C046,,1.0,BLACK,SOUTHERN AFRICA,MAN,,9B17C046,2128240,12/3/2023 11:12:46 PM
9B17C047,,1.0,ASIAN,,MAN,30.0,9B17C047,118989,12/3/2023 11:12:46 PM
9B17C048,,1.0,WHITE,WESTERN EUROPE,WOMAN,,9B17C048,374761,12/3/2023 11:12:46 PM
,,,,,,,9B17C049,64104,12/3/2023 11:12:46 PM
,,,,,,,9B17C050,86109,12/3/2023 11:12:46 PM
,,,,,,,9B17C051,87117,12/3/2023 11:12:47 PM
,,,,,,,9B17C052,94256,12/3/2023 11:12:47 PM
,,,,,,,9B17D001,1881268,12/3/2023 11:12:47 PM
9B17D002,,1.0,BROWN,SOUTHERN ASIA,MAN,,9B17D002,200714,12/3/2023 11:12:47 PM
9B17D003,,1.0,WHITE,NORTH AMERICA,MAN,66.0,9B17D003,1227985,12/3/2023 11:12:47 PM
9B17D004,,1.0,BROWN,SOUTHERN ASIA,MAN,,9B17D004,273674,12/3/2023 11:12:48 PM
9B17D005,,1.0,BROWN,,MAN,,9B17D005,64628,12/3/2023 11:12:48 PM
9B17D006,,1.0,WHITE,,WOMAN,,9B17D006,58471,12/3/2023 11:12:48 PM
9B17D007,,1.0,WHITE,UNKNOWN,MAN,,9B17D007,530948,12/3/2023 11:12:48 PM
9B17D008,,1.0,BROWN,NORTH AMERICA,MAN,,9B17D008,208214,12/3/2023 11:12:49 PM
,,,,,,,9B17D009,88421,12/3/2023 11:12:49 PM
,,,,,,,9B17D010,60466,12/3/2023 11:12:49 PM
,,,,,,,9B17D011,85838,12/3/2023 11:12:49 PM
9B17D012,,1.0,WHITE,,MAN,,9B17D012,65148,12/3/2023 11:12:49 PM
9B17D013,,1.0,WHITE,NORTH AMERICA,WOMAN,,9B17D013,52021,12/3/2023 11:12:50 PM
9B17D014,,1.0,BROWN,SOUTHERN EUROPE,WOMAN,,9B17D014,302644,12/3/2023 11:12:50 PM
9B17D015,,1.0,,SOUTHERN ASIA,MAN,,9B17D015,369183,12/3/2023 11:12:50 PM
9B17D016,,1.0,BROWN,,MAN,,9B17D016,692838,12/3/2023 11:12:50 PM
9B17D017,,1.0,WHITE,NORTH AMERICA,MAN,,9B17D017,74246,12/3/2023 11:12:51 PM
9B17D018,,1.0,WHITE,NORTH AMERICA,MAN,,9B17D018,83554,12/3/2023 11:12:51 PM
,,,,,,,9B17D019,128717,12/3/2023 11:12:51 PM
9B17D020,,1.0,ASIAN,SOUTHERN ASIA,MAN,,9B17D020,115930,12/3/2023 11:12:51 PM
,,,,,,,9B17D021,59165,12/3/2023 11:12:51 PM
,,,,,,,9B17D022,60743,12/3/2023 11:12:51 PM
9B17D023,,1.0,WHITE,NORTH AMERICA,MAN,,9B17D023,375806,12/3/2023 11:12:53 PM
9B17D024,,1.0,WHITE,NORTH AMERICA,WOMAN,,9B17D024,258538,12/3/2023 11:12:54 PM
9B17D025,,1.0,BROWN,NORTH AMERICA,MAN,,9B17D025,149845,12/3/2023 11:12:54 PM
9B17E001,,1.0,WHITE,NORTH AMERICA,WOMAN,,9B17E001,50300,12/3/2023 11:12:54 PM
,,,,,,,9B17E002,147338,12/3/2023 11:12:54 PM
9B17E003,,0.0,WHITE,,MAN,,9B17E003,950098,12/3/2023 11:12:55 PM
9B17E004,,0.0,,,,,9B17E004,77160,12/3/2023 11:12:55 PM
9B17E005,,1.0,WHITE,SOUTHERN ASIA,MAN,,9B17E005,281282,12/3/2023 11:12:55 PM
,,,,,,,9B17E006,1482166,12/3/2023 11:12:55 PM
9B17E007,,1.0,BROWN,SOUTHERN ASIA,MAN,,9B17E007,179115,12/3/2023 11:12:55 PM
9B17E008,,1.0,BROWN,EASTERN AFRICA,MAN,,9B17E008,1240371,12/3/2023 11:12:56 PM
9B17E009,,1.0,BROWN,EASTERN ASIA,MAN,,9B17E009,583840,12/3/2023 11:12:57 PM
9B17E010,,1.0,,NORTH AMERICA,MAN,,9B17E010,58259,12/3/2023 11:12:57 PM
9B17E011,,0.0,,,,,9B17E011,2055615,12/3/2023 11:12:57 PM
9B17E012,,1.0,BROWN,NORTH AMERICA,MAN,,9B17E012,80925,12/3/2023 11:12:57 PM
9B17E013,,1.0,WHITE,SOUTHERN ASIA,MAN,,9B17E013,67557,12/3/2023 11:12:57 PM
9B17E014,,1.0,WHITE,,MAN,50.0,9B17E014,919499,12/3/2023 11:12:59 PM
,,,,,,,9B17E015,2267907,12/3/2023 11:12:59 PM
9B17E016,,1.0,WHITE,SOUTH AMERICA,MAN,57.0,9B17E016,86823,12/3/2023 11:13:03 PM
9B17M001,,1.0,ASIAN,EASTERN ASIA,MAN,,9B17M001,128521,12/3/2023 11:13:03 PM
9B17M002,,1.0,WHITE,SOUTHERN ASIA,MAN,74.0,9B17M002,99118,12/3/2023 11:13:03 PM
9B17M003,,1.0,ASIAN,EASTERN ASIA,MAN,60.0,9B17M003,551767,12/3/2023 11:13:06 PM
9B17M004,,1.0,ASIAN,WESTERN EUROPE,WOMAN,36.0,9B17M004,148569,12/3/2023 11:13:07 PM
9B17M005,,0.0,,,,,9B17M005,234614,12/3/2023 11:13:07 PM
9B17M006,,1.0,BROWN,,MAN,,9B17M006,130748,12/3/2023 11:13:07 PM
9B17M007,,1.0,BROWN,WESTERN EUROPE,WOMAN,,9B17M007,337745,12/3/2023 11:13:07 PM
9B17M008,,0.0,,,,,9B17M008,391312,12/3/2023 11:13:07 PM
,,,,,,,9B17M009,87558,12/3/2023 11:13:07 PM
9B17M010,,1.0,WHITE,WESTERN EUROPE,MAN,,9B17M010,1259814,12/3/2023 11:13:08 PM
9B17M011,,1.0,WHITE,,MAN,,9B17M011,61002,12/3/2023 11:13:08 PM
,,,,,,,9B17M012,86217,12/3/2023 11:13:08 PM
9B17M013,,1.0,BROWN,SOUTHERN ASIA,WOMAN,,9B17M013,81654,12/3/2023 11:13:08 PM
9B17M014,,1.0,BROWN,SOUTHERN ASIA,WOMAN,,9B17M014,63099,12/3/2023 11:13:09 PM
9B17M015,,1.0,BROWN,,WOMAN,,9B17M015,64876,12/3/2023 11:13:09 PM
9B17M017,,1.0,WHITE,SOUTHERN EUROPE,WOMAN,,9B17M017,123470,12/3/2023 11:13:09 PM
9B17M018,,0.0,,,,,9B17M018,99549,12/3/2023 11:13:09 PM
9B17M019,,1.0,WHITE,NORTH AMERICA,MAN,,9B17M019,124289,12/3/2023 11:13:09 PM
9B17M020,,1.0,WHITE,NORTH AMERICA,WOMAN,,9B17M020,72982,12/3/2023 11:13:09 PM
9B17M021,,1.0,ASIAN,,MAN,36.0,9B17M021,185804,12/3/2023 11:13:10 PM
,,,,,,,9B17M022,501969,12/3/2023 11:13:10 PM
,,,,,,,9B17M023,388174,12/3/2023 11:13:10 PM
,,,,,,,9B17M024,60621,12/3/2023 11:13:10 PM
9B17M025,,0.0,,,,,9B17M025,171418,12/3/2023 11:13:11 PM
,,,,,,,9B17M026,136442,12/3/2023 11:13:11 PM
9B17M027,,1.0,WHITE,NORTH AMERICA,MAN,,9B17M027,122974,12/3/2023 11:13:11 PM
,,,,,,,9B17M029,271684,12/3/2023 11:13:11 PM
9B17M030,,0.0,,,,,9B17M030,94523,12/3/2023 11:13:12 PM
9B17M031,,1.0,BLACK,SOUTHERN ASIA,MAN,57.0,9B17M031,146792,12/3/2023 11:13:12 PM
9B17M032,,1.0,ASIAN,,MAN,,9B17M032,109905,12/3/2023 11:13:12 PM
9B17M033,,0.0,,,,,9B17M033,110565,12/3/2023 11:13:13 PM
9B17M035,,1.0,BROWN,NORTH AMERICA,MAN,,9B17M035,74121,12/3/2023 11:13:13 PM
9B17M036,,1.0,WHITE,SOUTHERN ASIA,MAN,,9B17M036,83089,12/3/2023 11:13:13 PM
9B17M037,,1.0,WHITE,SOUTHERN ASIA,MAN,,9B17M037,1168045,12/3/2023 11:13:13 PM
9B17M038,,0.0,,,,,9B17M038,128777,12/3/2023 11:13:13 PM
9B17M039,,1.0,WHITE,,MAN,,9B17M039,68694,12/3/2023 11:13:13 PM
9B17M040,,1.0,WHITE,SOUTHERN ASIA,WOMAN,,9B17M040,794361,12/3/2023 11:13:14 PM
9B17M044,,1.0,WHITE,EASTERN ASIA,MAN,,9B17M044,361133,12/3/2023 11:13:14 PM
9B17M045,,1.0,ASIAN,,MAN,47.0,9B17M045,120813,12/3/2023 11:13:15 PM
9B17M046,,1.0,BLACK,NORTH AMERICA,MAN,,9B17M046,117625,12/3/2023 11:13:15 PM
9B17M047,,1.0,WHITE,NORTH AMERICA,MAN,,9B17M047,76946,12/3/2023 11:13:15 PM
9B17M049,,1.0,WHITE,,MAN,,9B17M049,55323,12/3/2023 11:13:15 PM
,,,,,,,9B17M050,1713623,12/3/2023 11:13:16 PM
,,,,,,,9B17M051,938158,12/3/2023 11:13:16 PM
9B17M052,,0.0,,,,,9B17M052,88857,12/3/2023 11:13:16 PM
,,,,,,,9B17M053,70997,12/3/2023 11:13:16 PM
9B17M055,,1.0,WHITE,,MAN,,9B17M055,413996,12/3/2023 11:13:17 PM
9B17M056,,0.0,,,,,9B17M056,107462,12/3/2023 11:13:17 PM
9B17M057,,1.0,WHITE,,MAN,,9B17M057,92451,12/3/2023 11:13:17 PM
9B17M058,,1.0,WHITE,EASTERN ASIA,MAN,,9B17M058,74737,12/3/2023 11:13:17 PM
9B17M059,,0.0,,,,,9B17M059,109453,12/3/2023 11:13:17 PM
,,,,,,,9B17M060,115983,12/3/2023 11:13:17 PM
9B17M061,,1.0,WHITE,NORTH AMERICA,MAN,,9B17M061,159864,12/3/2023 11:13:18 PM
,,,,,,,9B17M062,2069955,12/3/2023 11:13:18 PM
9B17M063,,1.0,WHITE,,MAN,51.0,9B17M063,144787,12/3/2023 11:13:18 PM
9B17M064,,1.0,WHITE,SOUTHERN ASIA,MAN,,9B17M064,74514,12/3/2023 11:13:18 PM
9B17M066,,1.0,INDIGENOUS,NORTH AMERICA,MAN,,9B17M066,475489,12/3/2023 11:13:19 PM
9B17M067,,1.0,ASIAN,SOUTHERN ASIA,MAN,,9B17M067,172761,12/3/2023 11:13:19 PM
9B17M068,,1.0,WHITE,NORTH AMERICA,MAN,,9B17M068,72491,12/3/2023 11:13:19 PM
9B17M071,,0.0,,,,,9B17M071,147065,12/3/2023 11:13:19 PM
9B17M072,,0.0,,,,,9B17M072,117037,12/3/2023 11:13:22 PM
9B17M073,,1.0,WHITE,,MAN,,9B17M073,65364,12/3/2023 11:13:22 PM
,,,,,,,9B17M075,87300,12/3/2023 11:13:22 PM
9B17M076,,1.0,WHITE,,MAN,,9B17M076,916592,12/3/2023 11:13:22 PM
9B17M077,,1.0,WHITE,,WOMAN,,9B17M077,99335,12/3/2023 11:13:23 PM
9B17M078,,0.0,,,,,9B17M078,82972,12/3/2023 11:13:23 PM
9B17M079,,1.0,BROWN,NORTH AMERICA,MAN,51.0,9B17M079,129724,12/3/2023 11:13:23 PM
9B17M080,,1.0,ASIAN,SOUTHERN ASIA,MAN,,9B17M080,82860,12/3/2023 11:13:24 PM
9B17M081,,1.0,WHITE,NORTH AMERICA,MAN,53.0,9B17M081,124633,12/3/2023 11:13:24 PM
9B17M082,,1.0,WHITE,NORTH AMERICA,MAN,,9B17M082,94359,12/3/2023 11:13:24 PM
9B17M083,,1.0,BLACK,SOUTHERN ASIA,MAN,,9B17M083,1007054,12/3/2023 11:13:25 PM
9B17M084,,1.0,BROWN,NORTH AMERICA,MAN,,9B17M084,71791,12/3/2023 11:13:25 PM
9B17M085,,1.0,WHITE,NORTH AMERICA,WOMAN,,9B17M085,456530,12/3/2023 11:13:25 PM
9B17M086,,1.0,ASIAN,,MAN,,9B17M086,953040,12/3/2023 11:13:25 PM
9B17M087,,1.0,WHITE,NORTH AMERICA,MAN,,9B17M087,872199,12/3/2023 11:13:26 PM
9B17M088,,1.0,WHITE,SOUTHERN ASIA,MAN,,9B17M088,433887,12/3/2023 11:13:26 PM
9B17M089,,1.0,BROWN,WESTERN EUROPE,MAN,,9B17M089,60632,12/3/2023 11:13:26 PM
9B17M090,,1.0,WHITE,SOUTHERN ASIA,WOMAN,45.0,9B17M090,3022868,12/3/2023 11:13:26 PM
,,,,,,,9B17M091,96606,12/3/2023 11:13:27 PM
9B17M092,,0.0,,,,,9B17M092,86341,12/3/2023 11:13:27 PM
9B17M093,,1.0,BROWN,EASTERN ASIA,MAN,,9B17M093,438643,12/3/2023 11:13:27 PM
,,,,,,,9B17M094,72418,12/3/2023 11:13:27 PM
,,,,,,,9B17M095,234674,12/3/2023 11:13:27 PM
9B17M096,,1.0,ASIAN,NORTH AMERICA,MAN,,9B17M096,118724,12/3/2023 11:13:27 PM
9B17M097,,1.0,BROWN,NORTH AMERICA,MAN,,9B17M097,786360,12/3/2023 11:13:27 PM
9B17M098,,1.0,BROWN,SOUTHERN ASIA,MAN,,9B17M098,79439,12/3/2023 11:13:28 PM
9B17M099,,1.0,WHITE,NORTH AMERICA,MAN,,9B17M099,519188,12/3/2023 11:13:28 PM
,,,,,,,9B17M100,285053,12/3/2023 11:13:28 PM
9B17M101,,1.0,BROWN,SOUTHERN ASIA,MAN,,9B17M101,1531649,12/3/2023 11:13:28 PM
9B17M102,,0.0,,,,,9B17M102,125054,12/3/2023 11:13:29 PM
,,,,,,,9B17M103,518986,12/3/2023 11:13:29 PM
,,,,,,,9B17M104,276912,12/3/2023 11:13:29 PM
,,,,,,,9B17M105,529152,12/3/2023 11:13:29 PM
,,,,,,,9B17M106,124492,12/3/2023 11:13:30 PM
9B17M107,,1.0,WHITE,SOUTHERN ASIA,MAN,,9B17M107,84111,12/3/2023 11:13:30 PM
,,,,,,,9B17M108,108719,12/3/2023 11:13:30 PM
9B17M109,,1.0,WHITE,SOUTH AMERICA,MAN,,9B17M109,914454,12/3/2023 11:13:31 PM
9B17M110,,0.0,,,,,9B17M110,122343,12/3/2023 11:13:31 PM
,,,,,,,9B17M112,157901,12/3/2023 11:13:31 PM
9B17M114,,1.0,WHITE,,MAN,44.0,9B17M114,480101,12/3/2023 11:13:31 PM
9B17M115,,1.0,WHITE,SOUTHERN ASIA,MAN,,9B17M115,70462,12/3/2023 11:13:32 PM
9B17M116,,0.0,,,,,9B17M116,466840,12/3/2023 11:13:32 PM
9B17M117,,1.0,ASIAN,SOUTHERN ASIA,MAN,,9B17M117,116459,12/3/2023 11:13:33 PM
9B17M118,,1.0,BROWN,NORTH AMERICA,MAN,,9B17M118,508309,12/3/2023 11:13:33 PM
9B17M119,,1.0,WHITE,,MAN,46.0,9B17M119,70626,12/3/2023 11:13:33 PM
9B17M120,,0.0,,,,,9B17M120,64976,12/3/2023 11:13:34 PM
9B17M121,,1.0,WHITE,,WOMAN,,9B17M121,120614,12/3/2023 11:13:34 PM
9B17M122,,0.0,,,,,9B17M122,59387,12/3/2023 11:13:34 PM
9B17M123,,1.0,WHITE,EASTERN ASIA,MAN,42.0,9B17M123,92997,12/3/2023 11:13:34 PM
9B17M124,,1.0,,EASTERN ASIA,MAN,,9B17M124,1814109,12/3/2023 11:13:35 PM
9B17M125,,1.0,BROWN,,MAN,,9B17M125,88700,12/3/2023 11:13:35 PM
9B17M126,,1.0,ASIAN,SOUTHERN ASIA,MAN,,9B17M126,72762,12/3/2023 11:13:35 PM
9B17M127,,1.0,ASIAN,SOUTHERN ASIA,MAN,,9B17M127,179250,12/3/2023 11:13:35 PM
9B17M128,,1.0,BROWN,,MAN,,9B17M128,155620,12/3/2023 11:13:35 PM
9B17M129,,1.0,,AUSTRALIA AND NEW ZEALAND,WOMAN,,9B17M129,91903,12/3/2023 11:13:36 PM
9B17M130,,1.0,WHITE,SOUTHERN ASIA,MAN,,9B17M130,81604,12/3/2023 11:13:36 PM
,,,,,,,9B17M131,81226,12/3/2023 11:13:36 PM
,,,,,,,9B17M133,301105,12/3/2023 11:13:36 PM
9B17M134,,1.0,WHITE,NORTH AMERICA,MAN,71.0,9B17M134,82361,12/3/2023 11:13:37 PM
9B17M135,,1.0,WHITE,NORTH AMERICA,MAN,71.0,9B17M135,65066,12/3/2023 11:13:37 PM
9B17M136,,1.0,WHITE,NORTH AMERICA,MAN,71.0,9B17M136,126883,12/3/2023 11:13:37 PM
9B17M137,,0.0,,,,,9B17M137,110464,12/3/2023 11:13:37 PM
9B17M138,,1.0,,,WOMAN,,9B17M138,63911,12/3/2023 11:13:38 PM
9B17M139,,1.0,WHITE,,MAN,,9B17M139,11999503,12/3/2023 11:13:40 PM
,,,,,,,9B17M140,48560,12/3/2023 11:13:40 PM
,,,,,,,9B17M141,79301,12/3/2023 11:13:40 PM
9B17M142,,1.0,WHITE,NORTH AMERICA,MAN,42.0,9B17M142,121892,12/3/2023 11:13:40 PM
9B17M143,,1.0,BROWN,SOUTHERN ASIA,WOMAN,,9B17M143,88013,12/3/2023 11:13:40 PM
9B17M144,,0.0,,,,,9B17M144,360371,12/3/2023 11:13:41 PM
,,,,,,,9B17M145,67029,12/3/2023 11:13:41 PM
9B17M146,,0.0,,,,,9B17M146,211949,12/3/2023 11:13:41 PM
9B17M147,,1.0,BROWN,EASTERN ASIA,MAN,,9B17M147,1609343,12/3/2023 11:13:41 PM
9B17M148,,1.0,WHITE,,MAN,,9B17M148,1942076,12/3/2023 11:13:41 PM
9B17M149,,0.0,,,,,9B17M149,561364,12/3/2023 11:13:42 PM
9B17M150,,1.0,WHITE,SOUTHERN ASIA,WOMAN,,9B17M150,1222742,12/3/2023 11:13:42 PM
9B17M151,,1.0,BROWN,NORTH AMERICA,MAN,,9B17M151,172070,12/3/2023 11:13:42 PM
,,,,,,,9B17M152,178496,12/3/2023 11:13:43 PM
,,,,,,,9B17M153,836666,12/3/2023 11:13:43 PM
,,,,,,,9B17M154,750991,12/3/2023 11:13:43 PM
9B17M155,,0.0,,,,,9B17M155,66871,12/3/2023 11:13:43 PM
,,,,,,,9B17M156,3546053,12/3/2023 11:13:43 PM
9B17M157,,0.0,,,,,9B17M157,69205,12/3/2023 11:13:43 PM
9B17M158,,0.0,,,,,9B17M158,158550,12/3/2023 11:13:44 PM
,,,,,,,9B17M159,1840280,12/3/2023 11:13:44 PM
9B17M160,,1.0,WHITE,NORTH AMERICA,MAN,59.0,9B17M160,96201,12/3/2023 11:13:44 PM
,,,,,,,9B17M161,2052198,12/3/2023 11:13:44 PM
,,,,,,,9B17M162,616485,12/3/2023 11:13:45 PM
9B17M164,,1.0,ASIAN,NORTH AMERICA,MAN,58.0,9B17M164,100450,12/3/2023 11:13:45 PM
9B17M165,,1.0,BROWN,NORTH AMERICA,MAN,,9B17M165,97836,12/3/2023 11:13:45 PM
9B17M166,,0.0,,,,,9B17M166,281690,12/3/2023 11:13:46 PM
,,,,,,,9B17M167,125361,12/3/2023 11:13:46 PM
9B17M169,,1.0,WHITE,,MAN,44.0,9B17M169,76489,12/3/2023 11:13:46 PM
9B17M170,,0.0,,,,,9B17M170,85007,12/3/2023 11:13:48 PM
,,,,,,,9B17M171,80911,12/3/2023 11:13:48 PM
9B17M172,,1.0,ASIAN,EASTERN ASIA,WOMAN,,9B17M172,64443,12/3/2023 11:13:48 PM
,,,,,,,9B17M173,750163,12/3/2023 11:13:48 PM
9B17M174,,1.0,WHITE,NORTHERN EUROPE,WOMAN,,9B17M174,326603,12/3/2023 11:13:48 PM
9B17M175,,1.0,WHITE,,MAN,,9B17M175,1240767,12/3/2023 11:13:49 PM
,,,,,,,9B17M176,170537,12/3/2023 11:13:49 PM
9B17M177,,1.0,BROWN,,MAN,,9B17M177,101784,12/3/2023 11:13:49 PM
,,,,,,,9B17M178,92348,12/3/2023 11:13:49 PM
,,,,,,,9B17M179,117891,12/3/2023 11:13:49 PM
9B17M180,,1.0,BROWN,,MAN,51.0,9B17M180,108564,12/3/2023 11:13:49 PM
9B17M181,,1.0,WHITE,SOUTHERN ASIA,MAN,,9B17M181,119443,12/3/2023 11:13:50 PM
,,,,,,,9B17M182,108860,12/3/2023 11:13:50 PM
9B17M183,,1.0,WHITE,NORTH AMERICA,MAN,,9B17M183,112603,12/3/2023 11:13:50 PM
9B17M184,,1.0,WHITE,NORTH AMERICA,WOMAN,46.0,9B17M184,75441,12/3/2023 11:13:50 PM
9B17M186,,1.0,WHITE,NORTH AMERICA,MAN,,9B17M186,294618,12/3/2023 11:13:50 PM
9B17M187,,1.0,WHITE,SOUTHERN ASIA,MAN,45.0,9B17M187,332291,12/3/2023 11:13:50 PM
9B17M188,,1.0,WHITE,NORTH AMERICA,WOMAN,,9B17M188,1305794,12/3/2023 11:13:50 PM
,,,,,,,9B17MS17,257330,12/3/2023 11:13:51 PM
9B17N001,,1.0,ASIAN,EASTERN ASIA,MAN,,9B17N001,146457,12/3/2023 11:13:51 PM
9B17N002,,1.0,ASIAN,SOUTHERN AFRICA,MAN,77.0,9B17N002,194316,12/3/2023 11:13:51 PM
,,,,,,,9B17N004,101086,12/3/2023 11:13:52 PM
9B17N005,,1.0,BROWN,,WOMAN,,9B17N005,106807,12/3/2023 11:13:52 PM
9B17N006,,0.0,,,,,9B17N006,704366,12/3/2023 11:13:52 PM
9B17N007,,0.0,,,,,9B17N007,783052,12/3/2023 11:13:53 PM
9B17N008,,1.0,ASIAN,WESTERN EUROPE,MAN,,9B17N008,124606,12/3/2023 11:13:53 PM
9B17N009,,1.0,WHITE,,WOMAN,,9B17N009,104944,12/3/2023 11:13:53 PM
9B17N010,,0.0,,,,,9B17N010,165545,12/3/2023 11:13:53 PM
9B17N011,,1.0,WHITE,NORTH AMERICA,MAN,,9B17N011,113374,12/3/2023 11:13:53 PM
9B17N012,,1.0,BROWN,SOUTHERN ASIA,WOMAN,,9B17N012,226716,12/3/2023 11:13:56 PM
,,,,,,,9B17N013,351212,12/3/2023 11:13:56 PM
9B17N014,,0.0,,,,,9B17N014,417486,12/3/2023 11:13:56 PM
9B17N015,,0.0,,,,,9B17N015,269185,12/3/2023 11:13:56 PM
,,,,,,,9B17N016,56643,12/3/2023 11:13:56 PM
9B17N017,,0.0,,,,,9B17N017,121225,12/3/2023 11:13:56 PM
9B17N018,,0.0,,,,,9B17N018,330707,12/3/2023 11:13:57 PM
9B17N019,,1.0,BROWN,,MAN,,9B17N019,787726,12/3/2023 11:13:57 PM
9B17N021,,0.0,,,,,9B17N021,89425,12/3/2023 11:13:57 PM
9B17N022,,1.0,WHITE,SOUTHERN ASIA,MAN,,9B17N022,1347116,12/3/2023 11:13:57 PM
9B17N023,,0.0,,,,,9B17N023,94180,12/3/2023 11:13:57 PM
9B17N024,,1.0,WHITE,SOUTH AMERICA,WOMAN,,9B17N024,218203,12/3/2023 11:13:57 PM
,,,,,,,9B18A001,87379,12/3/2023 11:12:28 PM
9B18A002,,1.0,WHITE,,MAN,,9B18A002,59502,12/3/2023 11:12:28 PM
9B18A003,,1.0,BROWN,SOUTHERN ASIA,MAN,,9B18A003,343331,12/3/2023 11:12:28 PM
9B18A004,,1.0,BROWN,SOUTHERN ASIA,MAN,,9B18A004,89954,12/3/2023 11:12:28 PM
,,,,,,,9B18A005,77073,12/3/2023 11:12:29 PM
9B18A006,,1.0,BROWN,NORTH AMERICA,MAN,,9B18A006,78910,12/3/2023 11:12:29 PM
9B18A007,,1.0,BROWN,EASTERN ASIA,MAN,,9B18A007,86429,12/3/2023 11:12:29 PM
,,,,,,,9B18A008,89969,12/3/2023 11:12:29 PM
9B18A009,,1.0,BROWN,SOUTHERN ASIA,MAN,56.0,9B18A009,189166,12/3/2023 11:12:29 PM
9B18A010,,1.0,BROWN,NORTH AMERICA,MAN,,9B18A010,115292,12/3/2023 11:12:30 PM
9B18A011,,1.0,ASIAN,WESTERN EUROPE,WOMAN,,9B18A011,95237,12/3/2023 11:12:30 PM
,,,,,,,9B18A012,77060,12/3/2023 11:12:30 PM
9B18A013,,1.0,WHITE,,MAN,52.0,9B18A013,108443,12/3/2023 11:12:30 PM
9B18A014,,1.0,WHITE,NORTH AMERICA,MAN,44.0,9B18A014,2196609,12/3/2023 11:12:31 PM
,,,,,,,9B18A015,86877,12/3/2023 11:12:31 PM
9B18A016,,1.0,WHITE,NORTH AMERICA,WOMAN,,9B18A016,681583,12/3/2023 11:12:31 PM
9B18A017,,1.0,WHITE,SOUTHERN ASIA,MAN,,9B18A017,1021959,12/3/2023 11:12:31 PM
9B18A018,,1.0,ASIAN,NORTH AMERICA,MAN,,9B18A018,90647,12/3/2023 11:12:31 PM
9B18A019,,0.0,,,,,9B18A019,207988,12/3/2023 11:12:32 PM
,,,,,,,9B18A020,1995861,12/3/2023 11:12:32 PM
,,,,,,,9B18A021,75077,12/3/2023 11:12:32 PM
9B18A022,,1.0,BROWN,SOUTHERN ASIA,MAN,,9B18A022,153961,12/3/2023 11:12:32 PM
9B18A023,,1.0,BROWN,SOUTHERN ASIA,MAN,,9B18A023,127142,12/3/2023 11:12:32 PM
9B18A024,,0.0,,,,,9B18A024,75441,12/3/2023 11:12:33 PM
9B18A025,,0.0,,,,,9B18A025,83078,12/3/2023 11:12:33 PM
9B18A026,,1.0,WHITE,EASTERN ASIA,MAN,,9B18A026,305597,12/3/2023 11:12:33 PM
9B18A027,,1.0,ASIAN,NORTH AMERICA,WOMAN,,9B18A027,182947,12/3/2023 11:12:33 PM
9B18A028,,1.0,BROWN,NORTH AMERICA,MAN,,9B18A028,87541,12/3/2023 11:12:33 PM
9B18A029,,1.0,,WESTERN ASIA,WOMAN,,9B18A029,6600278,12/3/2023 11:12:34 PM
9B18A030,,1.0,BROWN,NORTH AMERICA,MAN,,9B18A030,316414,12/3/2023 11:12:34 PM
9B18A032,,0.0,,,,,9B18A032,69663,12/3/2023 11:12:34 PM
9B18A033,,1.0,BROWN,SOUTHERN ASIA,MAN,,9B18A033,124433,12/3/2023 11:12:35 PM
9B18A034,,1.0,BROWN,NORTH AMERICA,WOMAN,,9B18A034,106906,12/3/2023 11:12:35 PM
9B18A035,,1.0,WHITE,NORTH AMERICA,WOMAN,,9B18A035,1216625,12/3/2023 11:12:35 PM
9B18A036,,1.0,WHITE,SOUTHERN ASIA,MAN,,9B18A036,3493609,12/3/2023 11:12:36 PM
9B18A037,,1.0,WHITE,,MAN,,9B18A037,69001,12/3/2023 11:12:36 PM
9B18A038,,1.0,,SOUTHERN ASIA,WOMAN,,9B18A038,1002544,12/3/2023 11:12:36 PM
9B18A040,,1.0,BROWN,SOUTHERN ASIA,MAN,,9B18A040,1202018,12/3/2023 11:12:37 PM
,,,,,,,9B18A041,1641043,12/3/2023 11:12:37 PM
,,,,,,,9B18A044,2808586,12/3/2023 11:12:38 PM
9B18A045,,0.0,,,,,9B18A045,96241,12/3/2023 11:12:38 PM
9B18A046,,0.0,,,,,9B18A046,100504,12/3/2023 11:12:38 PM
9B18A047,,1.0,BROWN,NORTH AMERICA,MAN,,9B18A047,121836,12/3/2023 11:12:39 PM
9B18A048,,1.0,BROWN,,MAN,,9B18A048,76335,12/3/2023 11:12:39 PM
9B18A049,,1.0,WHITE,SOUTHERN ASIA,MAN,42.0,9B18A049,242195,12/3/2023 11:12:39 PM
9B18A050,,1.0,BROWN,EASTERN ASIA,MAN,,9B18A050,77173,12/3/2023 11:12:40 PM
9B18A051,,0.0,,,,,9B18A051,125397,12/3/2023 11:12:40 PM
9B18A052,,1.0,WHITE,NORTH AMERICA,MAN,53.0,9B18A052,66393,12/3/2023 11:12:40 PM
9B18A053,,0.0,,,,,9B18A053,72051,12/3/2023 11:12:40 PM
9B18A054,,1.0,BROWN,NORTHERN EUROPE,MAN,,9B18A054,156995,12/3/2023 11:12:40 PM
9B18A055,,0.0,,,,,9B18A055,77211,12/3/2023 11:12:41 PM
9B18A056,,1.0,WHITE,EASTERN ASIA,MAN,53.0,9B18A056,116846,12/3/2023 11:12:41 PM
9B18A058,,1.0,ASIAN,EASTERN ASIA,MAN,,9B18A058,682711,12/3/2023 11:12:41 PM
9B18A059,,1.0,WHITE,SOUTHERN AFRICA,,,9B18A059,174565,12/3/2023 11:12:42 PM
9B18A060,,1.0,BROWN,SOUTHERN ASIA,MAN,,9B18A060,750177,12/3/2023 11:12:42 PM
9B18A061,,1.0,BROWN,WESTERN ASIA,MAN,37.0,9B18A061,832841,12/3/2023 11:12:42 PM
9B18A062,,1.0,BROWN,SOUTHERN ASIA,MAN,,9B18A062,78771,12/3/2023 11:12:42 PM
9B18A063,,1.0,BROWN,SOUTHERN ASIA,MANï¼ŒMAN,,9B18A063,3036618,12/3/2023 11:12:42 PM
9B18A064,,1.0,BROWN,SOUTHERN ASIA,WOMAN,33.0,9B18A064,701350,12/3/2023 11:12:42 PM
,,,,,,,9B18A065,944339,12/3/2023 11:12:43 PM
9B18A066,,1.0,BROWN,SOUTHERN ASIA,MAN,,9B18A066,245031,12/3/2023 11:12:43 PM
9B18A067,,1.0,WHITE,NORTH AMERICA,MAN,,9B18A067,99130,12/3/2023 11:12:43 PM
9B18A068,,1.0,ASIAN,EASTERN ASIA,MAN,48.0,9B18A068,109388,12/3/2023 11:12:43 PM
9B18A069,,0.0,,,,,9B18A069,46080,12/3/2023 11:12:43 PM
9B18A070,,1.0,BROWN,SOUTHERN ASIA,MAN,,9B18A070,81423,12/3/2023 11:12:44 PM
9B18B002,,1.0,BROWN,NORTH AMERICA,MAN,33.0,9B18B002,150463,12/3/2023 11:12:44 PM
9B18B003,,1.0,WHITE,NORTH AMERICA,WOMAN,,9B18B003,1311868,12/3/2023 11:12:44 PM
9B18B004,,1.0,WHITE,NORTH AMERICA,MAN,,9B18B004,69104,12/3/2023 11:12:45 PM
9B18B005,,1.0,WHITE,,WOMAN,,9B18B005,1330486,12/3/2023 11:12:45 PM
9B18B006,,1.0,BROWN,NORTH AMERICA,MAN,,9B18B006,70433,12/3/2023 11:12:46 PM
9B18B007,,1.0,WHITE,NORTH AMERICA,MAN,,9B18B007,61659,12/3/2023 11:12:46 PM
9B18B008,,1.0,WHITE,,MAN,61.0,9B18B008,1068002,12/3/2023 11:12:46 PM
9B18B009,,1.0,WHITE,NORTH AMERICA,MAN,,9B18B009,795677,12/3/2023 11:12:46 PM
9B18B010,,1.0,WHITE,EASTERN AFRICA,MAN,,9B18B010,1112561,12/3/2023 11:12:46 PM
9B18B011,,1.0,WHITE,SOUTHERN ASIA,MAN,46.0,9B18B011,462858,12/3/2023 11:12:47 PM
,,,,,,,9B18B012,949686,12/3/2023 11:12:47 PM
9B18B013,,0.0,,,,,9B18B013,652236,12/3/2023 11:12:47 PM
9B18B015,,1.0,WHITE,NORTH AMERICA,MAN,,9B18B015,93283,12/3/2023 11:12:47 PM
9B18B016,,1.0,WHITE,NORTH AMERICA,WOMAN,,9B18B016,229457,12/3/2023 11:12:47 PM
9B18B017,,1.0,WHITE,WESTERN EUROPE,WOMAN,,9B18B017,1527041,12/3/2023 11:12:48 PM
,,,,,,,9B18B018,4274721,12/3/2023 11:12:48 PM
9B18B019,,1.0,WHITE,NORTH AMERICA,MAN,,9B18B019,59491,12/3/2023 11:12:48 PM
9B18B020,,1.0,WHITE,NORTH AMERICA,WOMAN,,9B18B020,279521,12/3/2023 11:12:48 PM
9B18B021,,1.0,WHITE,NORTH AMERICA,WOMAN,19.0,9B18B021,313094,12/3/2023 11:12:48 PM
9B18B022,,1.0,WHITE,NORTH AMERICA,MAN,,9B18B022,3229567,12/3/2023 11:12:49 PM
,,,,,,,9B18C001,79760,12/3/2023 11:12:49 PM
9B18C002,,1.0,ASIAN,NORTH AMERICA,WOMAN,64.0,9B18C002,82773,12/3/2023 11:12:49 PM
9B18C003,,1.0,WHITE,,MAN,61.0,9B18C003,173629,12/3/2023 11:12:49 PM
9B18C004,,1.0,BROWN,,MAN,,9B18C004,108366,12/3/2023 11:12:49 PM
9B18C005,,1.0,WHITE,,MAN,,9B18C005,82186,12/3/2023 11:12:50 PM
9B18C006,,1.0,WHITE,,MAN,41.0,9B18C006,77103,12/3/2023 11:12:50 PM
9B18C007,,1.0,WHITE,NORTH AMERICA,WOMAN,,9B18C007,124141,12/3/2023 11:12:50 PM
9B18C008,,1.0,WHITE,,MAN,,9B18C008,66319,12/3/2023 11:12:50 PM
9B18C009,,1.0,BROWN,SOUTHERN ASIA,MAN,,9B18C009,80865,12/3/2023 11:12:51 PM
9B18C010,,1.0,ASIAN,SOUTHERN ASIA,MAN,,9B18C010,78524,12/3/2023 11:12:51 PM
9B18C011,,1.0,WHITE,NORTH AMERICA,MAN,,9B18C011,83660,12/3/2023 11:12:51 PM
9B18C012,,1.0,WHITE,NORTH AMERICA,MAN,53.0,9B18C012,296877,12/3/2023 11:12:51 PM
9B18C013,,1.0,WHITE,NORTH AMERICA,MAN,,9B18C013,2600798,12/3/2023 11:12:51 PM
9B18C014,,1.0,,NORTH AMERICA,MAN,,9B18C014,80817,12/3/2023 11:12:52 PM
9B18C015,,1.0,WHITE,SOUTHERN AFRICA,MAN,,9B18C015,125637,12/3/2023 11:12:52 PM
9B18C016,,1.0,BROWN,,WOMAN,,9B18C016,61066,12/3/2023 11:12:52 PM
9B18C017,,1.0,ASIAN,SOUTHERN ASIA,MAN,56.0,9B18C017,909832,12/3/2023 11:12:52 PM
9B18C018,,1.0,BROWN,SOUTHERN ASIA,MAN,,9B18C018,489917,12/3/2023 11:12:55 PM
9B18C019,,1.0,BROWN,EASTERN ASIA,MAN,,9B18C019,345571,12/3/2023 11:12:55 PM
9B18C020,,1.0,BROWN,SOUTHERN ASIA,MAN,,9B18C020,171801,12/3/2023 11:12:56 PM
,,,,,,,9B18C021,146481,12/3/2023 11:12:56 PM
9B18C022,,1.0,WHITE,NORTH AMERICA,WOMAN,,9B18C022,106750,12/3/2023 11:12:56 PM
9B18C023,,1.0,BROWN,NORTH AMERICA,MAN,,9B18C023,205768,12/3/2023 11:12:56 PM
9B18C024,,1.0,WHITE,SOUTHERN ASIA,MAN,,9B18C024,235161,12/3/2023 11:12:57 PM
9B18C025,,1.0,BROWN,SOUTHERN ASIA,MAN,,9B18C025,60748,12/3/2023 11:12:57 PM
9B18C026,,1.0,WHITE,NORTH AMERICA,WOMAN,,9B18C026,69536,12/3/2023 11:12:57 PM
9B18C027,,1.0,WHITE,SOUTHERN ASIA,WOMAN,,9B18C027,81114,12/3/2023 11:12:57 PM
9B18C028,,1.0,BROWN,EASTERN ASIA,MAN,,9B18C028,1491820,12/3/2023 11:12:57 PM
,,,,,,,9B18C030,78909,12/3/2023 11:12:58 PM
9B18C031,,1.0,WHITE,NORTH AMERICA,MAN,,9B18C031,67548,12/3/2023 11:12:58 PM
9B18C032,,1.0,WHITE,NORTH AMERICA,MAN,,9B18C032,63622,12/3/2023 11:12:58 PM
9B18C033,,1.0,WHITE,,MAN,,9B18C033,441095,12/3/2023 11:12:58 PM
9B18C034,,1.0,ASIAN,SOUTHEASTERN ASIA,WOMAN,20.0,9B18C034,54298,12/3/2023 11:12:58 PM
,,,,,,,9B18C035,47811,12/3/2023 11:12:59 PM
,,,,,,,9B18C036,47053,12/3/2023 11:12:59 PM
,,,,,,,9B18C037,47028,12/3/2023 11:12:59 PM
,,,,,,,9B18C038,48870,12/3/2023 11:12:59 PM
9B18C039,,1.0,WHITE,AUSTRALIA AND NEW ZEALAND,MAN,28.0,9B18C039,101343,12/3/2023 11:13:00 PM
9B18C040,,1.0,WHITE,NORHTERN AMERICA,MAN,63.0,9B18C040,88016,12/3/2023 11:13:00 PM
9B18C041,,1.0,WHITE,NORTH AMERICA,MAN,,9B18C041,287453,12/3/2023 11:13:00 PM
9B18C042,,0.0,,,,,9B18C042,65101,12/3/2023 11:13:00 PM
9B18C043,,0.0,,,,,9B18C043,702017,12/3/2023 11:13:01 PM
9B18C044,,1.0,WHITE,NORTH AMERICA,MAN,,9B18C044,90453,12/3/2023 11:13:01 PM
9B18C045,,1.0,WHITE,SOUTHERN AFRICA,WOMAN,,9B18C045,73698,12/3/2023 11:13:01 PM
9B18C046,,1.0,WHITE,NORTH AMERICA,WOMAN,,9B18C046,89722,12/3/2023 11:13:01 PM
,,,,,,,9B18C047,103845,12/3/2023 11:13:02 PM
,,,,,,,9B18C048,1553589,12/3/2023 11:13:02 PM
9B18C050,,1.0,WHITE,NORTH AMERICA,MAN,,9B18C050,65051,12/3/2023 11:13:02 PM
9B18D001,,1.0,ASIAN,EASTERN ASIA,MAN,89.0,9B18D001,1084358,12/3/2023 11:13:02 PM
9B18D002,,1.0,ASIAN,SOUTHERN ASIA,MAN,,9B18D002,1162290,12/3/2023 11:13:03 PM
9B18D004,,1.0,ASIAN,EASTERN EUROPE,MAN,53.0,9B18D004,161455,12/3/2023 11:13:03 PM
9B18D005,,1.0,BROWN,EASTERN ASIA,MAN,,9B18D005,74457,12/3/2023 11:13:03 PM
,,,,,,,9B18D006,256887,12/3/2023 11:13:04 PM
,,,,,,,9B18D007,1660278,12/3/2023 11:13:04 PM
9B18D008,,1.0,WHITE,NORTH AMERICA,MAN,,9B18D008,2624918,12/3/2023 11:13:04 PM
,,,,,,,9B18D009,323535,12/3/2023 11:13:05 PM
9B18D010,,1.0,BROWN,EASTERN ASIA,MAN,,9B18D010,1157342,12/3/2023 11:13:05 PM
9B18D011,,1.0,WHITE,NORTH AMERICA,WOMAN,,9B18D011,75249,12/3/2023 11:13:05 PM
9B18D012,,1.0,ASIAN,NORTH AMERICA,MAN,,9B18D012,206273,12/3/2023 11:13:06 PM
9B18D013,,1.0,WHITE,SOUTHERN ASIA,MAN,,9B18D013,1071865,12/3/2023 11:13:06 PM
9B18D014,,1.0,BROWN,NORTH AMERICA,MAN,,9B18D014,489315,12/3/2023 11:13:07 PM
9B18D015,,1.0,WHITE,EASTERN ASIA,MAN,,9B18D015,54517,12/3/2023 11:13:07 PM
,,,,,,,9B18D016,6404452,12/3/2023 11:13:07 PM
9B18D017,,1.0,WHITE,,MAN,54.0,9B18D017,737647,12/3/2023 11:13:07 PM
9B18D018,,1.0,WHITE,SOUTHERN AFRICA,MAN,,9B18D018,74074,12/3/2023 11:13:07 PM
9B18D019,,1.0,ASIAN,,MAN,,9B18D019,135971,12/3/2023 11:13:08 PM
9B18D020,,1.0,WHITE,NORTH AMERICA,WOMAN,,9B18D020,795415,12/3/2023 11:13:08 PM
9B18D021,,1.0,BROWN,SOUTHERN ASIA,MAN,,9B18D021,2622697,12/3/2023 11:13:08 PM
9B18D022,,1.0,WHITE,WESTERN EUROPE,MAN,,9B18D022,550765,12/3/2023 11:13:09 PM
9B18D023,,1.0,BROWN,SOUTHERN ASIA,MAN,,9B18D023,110206,12/3/2023 11:13:09 PM
9B18D024,,1.0,WHITE,NORTH AMERICA,WOMAN,,9B18D024,53830,12/3/2023 11:13:09 PM
9B18D025,,1.0,WHITE,NORTH AMERICA,WOMAN,,9B18D025,47283,12/3/2023 11:13:09 PM
9B18D026,,1.0,WHITE,NORTH AMERICA,WOMAN,,9B18D026,51278,12/3/2023 11:13:09 PM
,,,,,,,9B18E001,60957,12/3/2023 11:13:10 PM
,,,,,,,9B18E002,1475384,12/3/2023 11:13:10 PM
9B18E003,,1.0,BROWN,,MAN,,9B18E003,2323795,12/3/2023 11:13:13 PM
9B18E004,,1.0,WHITE,SOUTHERN ASIA,MAN,,9B18E004,1100820,12/3/2023 11:13:13 PM
9B18E005,,1.0,WHITE,NORTH AMERICA,MAN,,9B18E005,65196,12/3/2023 11:13:13 PM
9B18E006,,1.0,WHITE,,MAN,55.0,9B18E006,210949,12/3/2023 11:13:13 PM
9B18E007,,1.0,WHITE,NORTH AMERICA,WOMAN,,9B18E007,394715,12/3/2023 11:13:14 PM
9B18E008,,1.0,ASIAN,NORTH AMERICA,WOMAN,,9B18E008,327095,12/3/2023 11:13:14 PM
,,,,,,,9B18E009,10642203,12/3/2023 11:13:15 PM
9B18E010,,0.0,,,,,9B18E010,334881,12/3/2023 11:13:15 PM
9B18E011,,1.0,BROWN,SOUTHERN ASIA,MAN,,9B18E011,3922108,12/3/2023 11:13:15 PM
9B18E012,,1.0,ASIAN,,MAN,,9B18E012,246766,12/3/2023 11:13:16 PM
9B18E013,,1.0,WHITE,WESTERN AFRICA,MAN,56.0,9B18E013,76485,12/3/2023 11:13:16 PM
9B18E014,,0.0,,,,,9B18E014,495173,12/3/2023 11:13:16 PM
9B18E015,,1.0,WHITE,EASTERN ASIA,MAN,,9B18E015,59403,12/3/2023 11:13:16 PM
,,,,,,,9B18E016,1307130,12/3/2023 11:13:17 PM
,,,,,,,9B18E017,989726,12/3/2023 11:13:17 PM
9B18E018,,1.0,BROWN,SOUTHERN ASIA,MAN,,9B18E018,193333,12/3/2023 11:13:17 PM
9B18E019,,1.0,WHITE,NORTH AMERICA,MAN,,9B18E019,62990,12/3/2023 11:13:17 PM
9B18E020,,1.0,WHITE,NORTH AMERICA,MAN,,9B18E020,60615,12/3/2023 11:13:17 PM
,,,,,,,9B18M001,153159,12/3/2023 11:13:18 PM
,,,,,,,9B18M002,115790,12/3/2023 11:13:18 PM
9B18M003,,1.0,ASIAN,NORTH AMERICA,MAN,,9B18M003,326243,12/3/2023 11:13:18 PM
9B18M004,,1.0,ASIAN,,WOMAN,36.0,9B18M004,384959,12/3/2023 11:13:19 PM
9B18M006,,1.0,BROWN,,MAN,,9B18M006,198529,12/3/2023 11:13:19 PM
9B18M007,,1.0,WHITE,EASTERN ASIA,MAN,,9B18M007,1012184,12/3/2023 11:13:19 PM
9B18M008,,1.0,WHITE,NORTH AMERICA,WOMAN,,9B18M008,789413,12/3/2023 11:13:19 PM
,,,,,,,9B18M009,1588606,12/3/2023 11:13:19 PM
,,,,,,,9B18M010,65007,12/3/2023 11:13:20 PM
,,,,,,,9B18M011,111898,12/3/2023 11:13:20 PM
,,,,,,,9B18M012,100435,12/3/2023 11:13:20 PM
,,,,,,,9B18M013,126851,12/3/2023 11:13:20 PM
9B18M014,,1.0,,,MAN,,9B18M014,54973,12/3/2023 11:13:21 PM
,,,,,,,9B18M016,52221,12/3/2023 11:13:21 PM
,,,,,,,9B18M017,211766,12/3/2023 11:13:21 PM
,,,,,,,9B18M019,106590,12/3/2023 11:13:21 PM
9B18M020,,1.0,WHITE,SOUTH AMERICA,MAN,,9B18M020,1010155,12/3/2023 11:13:21 PM
9B18M022,,1.0,,,MAN,,9B18M022,231682,12/3/2023 11:13:22 PM
9B18M023,,1.0,BROWN,SOUTH AMERICA,MAN,,9B18M023,423528,12/3/2023 11:13:22 PM
,,,,,,,9B18M024,532517,12/3/2023 11:13:22 PM
,,,,,,,9B18M025,48473,12/3/2023 11:13:22 PM
9B18M026,,1.0,WHITE,SOUTHERN ASIA,MAN,53.0,9B18M026,107539,12/3/2023 11:13:22 PM
9B18M027,,1.0,BROWN,WESTERN EUROPE,MAN,37.0,9B18M027,788084,12/3/2023 11:13:23 PM
9B18M028,,1.0,ASIAN,NORTH AMERICA,MAN,50.0,9B18M028,204256,12/3/2023 11:13:23 PM
9B18M029,,1.0,,NORTH AMERICA,WOMAN,,9B18M029,291748,12/3/2023 11:13:23 PM
,,,,,,,9B18M030,255662,12/3/2023 11:13:23 PM
9B18M031,,0.0,,,,,9B18M031,139136,12/3/2023 11:13:23 PM
9B18M032,,1.0,BROWN,NORTH AMERICA,MAN,,9B18M032,143793,12/3/2023 11:13:24 PM
9B18M033,,0.0,,,,,9B18M033,96820,12/3/2023 11:13:24 PM
,,,,,,,9B18M034,307931,12/3/2023 11:13:24 PM
9B18M035,,1.0,INDIGENOUS,EASTERN ASIA,MAN,,9B18M035,1484095,12/3/2023 11:13:24 PM
9B18M036,,1.0,ASIAN,SOUTHERN ASIA,MAN,57.0,9B18M036,110798,12/3/2023 11:13:25 PM
,,,,,,,9B18M038,86980,12/3/2023 11:13:25 PM
9B18M039,,0.0,,,,,9B18M039,134951,12/3/2023 11:13:25 PM
9B18M041,,1.0,WHITE,NORTH AMERICA,MAN,39.0,9B18M041,200959,12/3/2023 11:13:26 PM
,,,,,,,9B18M042,377701,12/3/2023 11:13:26 PM
9B18M044,,1.0,WHITE,,WOMAN,,9B18M044,1292457,12/3/2023 11:13:26 PM
9B18M045,,1.0,WHITE,SOUTHERN AFRICA,MAN,,9B18M045,107960,12/3/2023 11:13:27 PM
9B18M046,,1.0,BLACK,WESTERN ASIA,WOMAN,,9B18M046,102304,12/3/2023 11:13:27 PM
9B18M047,,1.0,WHITE,NORTH AMERICA,WOMAN,,9B18M047,63444,12/3/2023 11:13:27 PM
9B18M048,,1.0,WHITE,WESTERN EUROPE,WOMAN,,9B18M048,55538,12/3/2023 11:13:27 PM
9B18M049,,1.0,WHITE,EASTERN AFRICA,WOMAN,,9B18M049,84448,12/3/2023 11:13:27 PM
9B18M050,,1.0,WHITE,NORTHERN EUROPE,MAN,62.0,9B18M050,72692,12/3/2023 11:13:27 PM
,,,,,,,9B18M051,93173,12/3/2023 11:13:27 PM
9B18M052,,1.0,WHITE,,MAN,51.0,9B18M052,65621,12/3/2023 11:13:27 PM
9B18M053,,0.0,,,,,9B18M053,53899,12/3/2023 11:13:28 PM
9B18M054,,0.0,,,,,9B18M054,64291,12/3/2023 11:13:28 PM
9B18M055,,0.0,,,,,9B18M055,53923,12/3/2023 11:13:28 PM
9B18M056,,0.0,,,,,9B18M056,73005,12/3/2023 11:13:28 PM
9B18M057,,0.0,,,,,9B18M057,57676,12/3/2023 11:13:28 PM
9B18M058,,0.0,,,,,9B18M058,58667,12/3/2023 11:13:29 PM
9B18M059,,0.0,,,,,9B18M059,112963,12/3/2023 11:13:29 PM
9B18M060,,1.0,BROWN,NORTH AMERICA,MAN,44.0,9B18M060,114104,12/3/2023 11:13:29 PM
9B18M061,,0.0,,,,,9B18M061,254615,12/3/2023 11:13:29 PM
9B18M062,,1.0,BROWN,NORTH AMERICA,MAN,,9B18M062,156086,12/3/2023 11:13:30 PM
9B18M063,,1.0,ASIAN,SOUTHERN ASIA,MAN,,9B18M063,483296,12/3/2023 11:13:30 PM
9B18M064,,0.0,,,,,9B18M064,99368,12/3/2023 11:13:30 PM
9B18M065,,1.0,BROWN,SOUTHERN ASIA,MAN,,9B18M065,273721,12/3/2023 11:13:30 PM
9B18M066,,1.0,BROWN,SOUTHERN ASIA,MAN,,9B18M066,87048,12/3/2023 11:13:30 PM
9B18M067,,0.0,,,,,9B18M067,491811,12/3/2023 11:13:30 PM
9B18M068,,1.0,BROWN,,MAN,,9B18M068,79639,12/3/2023 11:13:31 PM
9B18M069,,1.0,BROWN,,MAN,53.0,9B18M069,104749,12/3/2023 11:13:31 PM
,,,,,,,9B18M070,68774,12/3/2023 11:13:31 PM
9B18M071,,1.0,WHITE,NORTH AMERICA,MAN,,9B18M071,122830,12/3/2023 11:13:31 PM
9B18M072,,1.0,WHITE,NORTH AMERICA,MAN,,9B18M072,66046,12/3/2023 11:13:32 PM
,,,,,,,9B18M073,3167642,12/3/2023 11:13:32 PM
9B18M074,,1.0,WHITE,,WOMAN,,9B18M074,1825455,12/3/2023 11:13:33 PM
9B18M075,,0.0,,,,,9B18M075,75363,12/3/2023 11:13:33 PM
9B18M076,,1.0,BLACK,NORTH AMERICA,MAN,,9B18M076,548157,12/3/2023 11:13:33 PM
9B18M077,,1.0,WHITE,NORTH AMERICA,MAN,70.0,9B18M077,833322,12/3/2023 11:13:34 PM
9B18M078,,1.0,WHITE,WESTERN EUROPE,MAN,,9B18M078,119059,12/3/2023 11:13:34 PM
9B18M079,,1.0,WHITE,,MAN,,9B18M079,78655,12/3/2023 11:13:35 PM
9B18M080,,0.0,,,,,9B18M080,75512,12/3/2023 11:13:35 PM
9B18M081,,1.0,WHITE,,MAN,,9B18M081,79949,12/3/2023 11:13:35 PM
9B18M082,,1.0,WHITE,,MAN,,9B18M082,147798,12/3/2023 11:13:35 PM
9B18M083,,1.0,WHITE,NORTHERN EUROPE,MAN,,9B18M083,678952,12/3/2023 11:13:35 PM
9B18M084,,1.0,WHITE,NORTH AMERICA,WOMAN,,9B18M084,155270,12/3/2023 11:13:35 PM
9B18M085,,1.0,ASIAN,NORTH AMERICA,MAN,,9B18M085,76907,12/3/2023 11:13:36 PM
9B18M086,,1.0,WHITE,SOUTHERN ASIA,MAN,,9B18M086,1743144,12/3/2023 11:13:36 PM
9B18M087,,1.0,WHITE,NORTH AMERICA,MAN,53.0,9B18M087,90944,12/3/2023 11:13:36 PM
9B18M088,,1.0,INDIGENOUS,NORTH AMERICA,MAN,,9B18M088,509765,12/3/2023 11:13:37 PM
9B18M089,,1.0,WHITE,NORTH AMERICA,MAN,,9B18M089,211187,12/3/2023 11:13:37 PM
9B18M090,,0.0,,,,,9B18M090,345961,12/3/2023 11:13:37 PM
9B18M091,,0.0,,,,,9B18M091,110155,12/3/2023 11:13:37 PM
9B18M092,,0.0,,,,,9B18M092,94773,12/3/2023 11:13:37 PM
9B18M093,,1.0,WHITE,WESTERN EUROPE,MAN,,9B18M093,75535,12/3/2023 11:13:37 PM
9B18M094,,1.0,WHITE,NORTH AMERICA,MAN,,9B18M094,88797,12/3/2023 11:13:38 PM
9B18M095,,1.0,ASIAN,NORTH AMERICA,WOMAN,,9B18M095,153568,12/3/2023 11:13:38 PM
9B18M096,,1.0,WHITE,NORTH AMERICA,MAN,,9B18M096,94991,12/3/2023 11:13:38 PM
9B18M097,,1.0,BLACK,NORTH AMERICA,MAN,,9B18M097,118037,12/3/2023 11:13:38 PM
9B18M098,,1.0,ASIAN,,MAN,,9B18M098,85622,12/3/2023 11:13:38 PM
9B18M099,,1.0,WHITE,CARIBBEAN,MAN,,9B18M099,1760407,12/3/2023 11:13:38 PM
9B18M100,,0.0,,,,,9B18M100,82895,12/3/2023 11:13:39 PM
9B18M101,,1.0,BROWN,EASTERN AFRICA,WOMAN,,9B18M101,104671,12/3/2023 11:13:39 PM
9B18M102,,1.0,BLACK,WESTERN EUROPE,MAN,,9B18M102,83500,12/3/2023 11:13:39 PM
,,,,,,,9B18M103,317842,12/3/2023 11:13:39 PM
9B18M104,,1.0,BROWN,NORTH AMERICA,MAN,,9B18M104,94455,12/3/2023 11:13:39 PM
9B18M105,,1.0,WHITE,EASTERN EUROPE,MAN,,9B18M105,71439,12/3/2023 11:13:40 PM
9B18M106,,1.0,WHITE,SOUTHERN ASIA,WOMAN,29.0,9B18M106,256398,12/3/2023 11:13:40 PM
9B18M107,,1.0,ASIAN,NORTH AMERICA,MAN,,9B18M107,741986,12/3/2023 11:13:40 PM
9B18M108,,1.0,ASIAN,,WOMAN,,9B18M108,351423,12/3/2023 11:13:41 PM
9B18M109,,1.0,WHITE,SOUTHERN ASIA,MAN,,9B18M109,85855,12/3/2023 11:13:41 PM
9B18M110,,1.0,WHITE,NORTH AMERICA,WOMAN,57.0,9B18M110,141785,12/3/2023 11:13:41 PM
9B18M111,,1.0,WHITE,NORTH AMERICA,MAN,49.0,9B18M111,118334,12/3/2023 11:13:41 PM
9B18M112,,1.0,WHITE,NORTH AMERICA,WOMAN,57.0,9B18M112,131171,12/3/2023 11:13:41 PM
9B18M113,,1.0,WHITE,WESTERN EUROPE,WOMAN,57.0,9B18M113,638943,12/3/2023 11:13:43 PM
9B18M114,,1.0,BROWN,,MAN,,9B18M114,120499,12/3/2023 11:13:43 PM
9B18M115,,1.0,WHITE,EASTERN ASIA,MAN,55.0,9B18M115,80207,12/3/2023 11:13:44 PM
9B18M116,,1.0,WHITE,NORTH AMERICA,MAN,,9B18M116,136289,12/3/2023 11:13:44 PM
,,,,,,,9B18M117,197405,12/3/2023 11:13:44 PM
9B18M118,,1.0,WHITE,SOUTHERN ASIA,MAN,66.0,9B18M118,99355,12/3/2023 11:13:44 PM
9B18M119,,1.0,WHITE,WESTERN EUROPE,MAN,,9B18M119,2543206,12/3/2023 11:13:45 PM
,,,,,,,9B18M120,49213,12/3/2023 11:13:45 PM
,,,,,,,9B18M121,66340,12/3/2023 11:13:45 PM
,,,,,,,9B18M122,107353,12/3/2023 11:13:45 PM
,,,,,,,9B18M123,64608,12/3/2023 11:13:45 PM
9B18M124,,1.0,ASIAN,NORTH AMERICA,MAN,,9B18M124,206206,12/3/2023 11:13:46 PM
9B18M125,,1.0,,SOUTH AMERICA,MAN,,9B18M125,102152,12/3/2023 11:13:46 PM
9B18M126,,1.0,WHITE,,MAN,,9B18M126,392002,12/3/2023 11:13:46 PM
9B18M127,,1.0,ASIAN,NORTH AMERICA,MAN,33.0,9B18M127,314677,12/3/2023 11:13:46 PM
9B18M128,,0.0,,,,,9B18M128,262154,12/3/2023 11:13:46 PM
9B18M129,,1.0,WHITE,NORTH AMERICA,WOMAN,,9B18M129,210337,12/3/2023 11:13:47 PM
9B18M130,,1.0,WHITE,,MAN,,9B18M130,113073,12/3/2023 11:13:47 PM
,,,,,,,9B18M131,128162,12/3/2023 11:13:47 PM
,,,,,,,9B18M132,11581655,12/3/2023 11:13:49 PM
,,,,,,,9B18M133,51239,12/3/2023 11:13:49 PM
,,,,,,,9B18M134,50434,12/3/2023 11:13:49 PM
,,,,,,,9B18M135,50222,12/3/2023 11:13:50 PM
,,,,,,,9B18M136,51783,12/3/2023 11:13:50 PM
9B18M137,,1.0,ASIAN,NORTH AMERICA,MAN,,9B18M137,532576,12/3/2023 11:13:50 PM
9B18M138,,1.0,,NORTH AMERICA,MAN,,9B18M138,72577,12/3/2023 11:13:50 PM
9B18M139,,1.0,BROWN,,WOMAN,,9B18M139,158692,12/3/2023 11:13:51 PM
9B18M140,,1.0,WHITE,NORTH AMERICA,WOMAN,,9B18M140,79499,12/3/2023 11:13:51 PM
9B18M141,,1.0,WHITE,EASTERN ASIA,MAN,,9B18M141,173638,12/3/2023 11:13:51 PM
9B18M142,,1.0,ASIAN,SOUTHERN ASIA,MAN,56.0,9B18M142,97558,12/3/2023 11:13:52 PM
9B18M143,,1.0,BROWN,EASTERN ASIA,MAN,,9B18M143,109807,12/3/2023 11:13:52 PM
9B18M144,,1.0,BROWN,,WOMAN,,9B18M144,75229,12/3/2023 11:13:52 PM
9B18M145,,1.0,BROWN,SOUTHEASTERN ASIA,MAN,,9B18M145,114787,12/3/2023 11:13:52 PM
9B18M146,,0.0,,,,,9B18M146,1155184,12/3/2023 11:13:53 PM
9B18M147,,1.0,ASIAN,SOUTHERN ASIA,MAN,,9B18M147,103984,12/3/2023 11:13:53 PM
9B18M148,,0.0,,,,,9B18M148,131253,12/3/2023 11:13:53 PM
9B18M149,,0.0,,,,,9B18M149,85370,12/3/2023 11:13:53 PM
9B18M150,,1.0,ASIAN,EASTERN ASIA,MAN,41.0,9B18M150,123192,12/3/2023 11:13:53 PM
9B18M151,,0.0,,,,,9B18M151,95233,12/3/2023 11:13:53 PM
9B18M152,,1.0,WHITE,NORTH AMERICA,MAN,,9B18M152,101771,12/3/2023 11:13:54 PM
,,,,,,,9B18M153,2450590,12/3/2023 11:13:54 PM
9B18M154,,1.0,WHITE,NORTH AMERICA,MAN,,9B18M154,684046,12/3/2023 11:13:54 PM
9B18M155,,0.0,,,,,9B18M155,294679,12/3/2023 11:13:54 PM
,,,,,,,9B18M156,64366,12/3/2023 11:13:55 PM
9B18M157,,1.0,BROWN,SOUTHERN ASIA,MAN,31.0,9B18M157,308501,12/3/2023 11:13:55 PM
9B18M158,,1.0,BROWN,NORTH AMERICA,WOMAN,,9B18M158,187398,12/3/2023 11:13:56 PM
9B18M159,,1.0,WHITE,WESTERN EUROPE,MAN,,9B18M159,1451977,12/3/2023 11:13:56 PM
,,,,,,,9B18M161,103521,12/3/2023 11:13:57 PM
9B18M162,,1.0,WHITE,NORTH AMERICA,MAN,,9B18M162,982723,12/3/2023 11:13:57 PM
9B18M163,,1.0,BROWN,SOUTHERN ASIA,MAN,,9B18M163,76150,12/3/2023 11:13:57 PM
9B18M164,,1.0,WHITE,SOUTHERN AFRICA,WOMAN,35.0,9B18M164,566313,12/3/2023 11:13:57 PM
9B18M165,,1.0,ASIAN,NORTH AMERICA,WOMAN,,9B18M165,914359,12/3/2023 11:13:57 PM
9B18M166,,1.0,WHITE,NORTH AMERICA,MAN,,9B18M166,74717,12/3/2023 11:13:57 PM
9B18M167,,1.0,WHITE,NORTH AMERICA,WOMAN,,9B18M167,51867,12/3/2023 11:13:57 PM
,,,,,,,9B18M168,620721,12/3/2023 11:13:58 PM
9B18M169,,1.0,ASIAN,EASTERN ASIA,MAN,40.0,9B18M169,1625067,12/3/2023 11:13:58 PM
9B18M170,,1.0,ASIAN,EASTERN ASIA,WOMAN,,9B18M170,157656,12/3/2023 11:13:58 PM
,,,,,,,9B18M172,2009678,12/3/2023 11:13:58 PM
9B18M174,,0.0,,,,,9B18M174,706494,12/3/2023 11:13:59 PM
9B18M175,,1.0,WHITE,NORTH AMERICA,WOMAN,,9B18M175,258836,12/3/2023 11:13:59 PM
9B18M176,,1.0,,SOUTHERN ASIA,MAN,,9B18M176,148197,12/3/2023 11:13:59 PM
9B18M177,,1.0,BROWN,SOUTHERN ASIA,MAN,,9B18M177,301894,12/3/2023 11:13:59 PM
,,,,,,,9B18M178,78102,12/3/2023 11:13:59 PM
9B18M179,,1.0,BROWN,SOUTHERN ASIA,MAN,,9B18M179,366494,12/3/2023 11:14:00 PM
9B18M180,,1.0,,NORTH AMERICA,MAN,,9B18M180,454099,12/3/2023 11:14:00 PM
9B18M181,,1.0,BROWN,SOUTHERN ASIA,WOMAN,,9B18M181,438822,12/3/2023 11:14:04 PM
9B18M182,,0.0,,,,,9B18M182,101465,12/3/2023 11:14:06 PM
9B18M183,,0.0,,,,,9B18M183,66330,12/3/2023 11:14:06 PM
9B18M184,,1.0,ASIAN,EASTERN ASIA,MAN,,9B18M184,77950,12/3/2023 11:14:06 PM
9B18M185,,1.0,WHITE,NORTH AMERICA,MAN,63.0,9B18M185,102544,12/3/2023 11:14:06 PM
,,,,,,,9B18M186,599535,12/3/2023 11:14:06 PM
9B18M187,,1.0,ASIAN,EASTERN ASIA,MAN,0.0,9B18M187,103261,12/3/2023 11:14:07 PM
,,,,,,,9B18M188,183431,12/3/2023 11:14:07 PM
9B18M189,,1.0,WHITE,EASTERN EUROPE,MAN,,9B18M189,144430,12/3/2023 11:14:07 PM
9B18M190,,0.0,,,,,9B18M190,100603,12/3/2023 11:14:07 PM
9B18M191,,0.0,,,,,9B18M191,1357610,12/3/2023 11:14:07 PM
9B18M192,,0.0,,,,,9B18M192,227097,12/3/2023 11:14:07 PM
9B18M193,,1.0,ASIAN,EASTERN ASIA,MAN,,9B18M193,75273,12/3/2023 11:14:07 PM
9B18M194,,1.0,BROWN,SOUTHERN ASIA,MAN,,9B18M194,680534,12/3/2023 11:14:08 PM
9B18M195,,1.0,ASIAN,EASTERN ASIA,WOMAN,,9B18M195,235652,12/3/2023 11:14:08 PM
9B18M196,,1.0,ASIAN,EASTERN ASIA,MAN,,9B18M196,143989,12/3/2023 11:14:08 PM
9B18M197,,1.0,WHITE,NORTH AMERICA,WOMAN,,9B18M197,133025,12/3/2023 11:14:08 PM
9B18M198,,0.0,,,,,9B18M198,70658,12/3/2023 11:14:08 PM
9B18M199,,1.0,BROWN,SOUTHERN ASIA,MAN,58.0,9B18M199,77103,12/3/2023 11:14:08 PM
9B18M200,,0.0,,,,,9B18M200,71372,12/3/2023 11:14:08 PM
9B18M201,,1.0,BROWN,SOUTHERN ASIA,MAN,,9B18M201,392362,12/3/2023 11:14:08 PM
9B18M202,,1.0,WHITE,NORTH AMERICA,WOMAN,,9B18M202,107517,12/3/2023 11:14:09 PM
9B18M203,,1.0,WHITE,NORTH AMERICA,MAN,,9B18M203,111902,12/3/2023 11:14:09 PM
,,,,,,,9B18N001,90214,12/3/2023 11:14:09 PM
9B18N002,,1.0,WHITE,SOUTHERN ASIA,WOMAN,,9B18N002,1180745,12/3/2023 11:14:09 PM
9B18N003,,1.0,BROWN,NORTH AMERICA,MAN,,9B18N003,77213,12/3/2023 11:14:10 PM
,,,,,,,9B18N004,354128,12/3/2023 11:14:10 PM
9B18N005,,1.0,WHITE,NORTH AMERICA,MAN,73.0,9B18N005,58491,12/3/2023 11:14:10 PM
9B18N006,,1.0,ASIAN,EASTERN ASIA,WOMAN,,9B18N006,611241,12/3/2023 11:14:11 PM
9B18N007,,0.0,,,,,9B18N007,229282,12/3/2023 11:14:13 PM
9B18N008,,1.0,WHITE,SOUTHERN ASIA,WOMAN,,9B18N008,64459,12/3/2023 11:14:15 PM
,,,,,,,9B18N009,198851,12/3/2023 11:14:16 PM
9B18N010,,1.0,BROWN,NORTH AMERICA,WOMAN,,9B18N010,80826,12/3/2023 11:14:16 PM
9B18N011,,1.0,WHITE,SOUTHERN ASIA,MAN,,9B18N011,136568,12/3/2023 11:14:16 PM
,,,,,,,9B18N012,107291,12/3/2023 11:14:16 PM
9B18N013,,0.0,,,,,9B18N013,128672,12/3/2023 11:14:16 PM
9B18N014,,1.0,,NORTH AMERICA,WOMAN,,9B18N014,76594,12/3/2023 11:14:16 PM
9B18N015,,1.0,ASIAN,NORTH AMERICA,MAN,54.0,9B18N015,151810,12/3/2023 11:14:16 PM
9B18N017,,1.0,WHITE,EASTERN ASIA,MAN,,9B18N017,463632,12/3/2023 11:14:16 PM
9B18N018,,1.0,,,WOMAN,,9B18N018,138316,12/3/2023 11:14:17 PM
9B18N019,,0.0,,,,,9B18N019,76707,12/3/2023 11:14:17 PM
9B18N020,,0.0,,,,,9B18N020,128841,12/3/2023 11:14:17 PM
9B18N021,,0.0,,,,,9B18N021,142113,12/3/2023 11:14:18 PM
9B18N022,,1.0,WHITE,NORTH AMERICA,MAN,,9B18N022,299858,12/3/2023 11:14:18 PM
9B18N023,,1.0,BROWN,SOUTHERN ASIA,MAN,,9B18N023,97160,12/3/2023 11:14:18 PM
9B18N024,,1.0,BROWN,SOUTHERN ASIA,MAN,,9B18N024,94547,12/3/2023 11:14:18 PM
9B18N025,,1.0,,,,0.0,9B18N025,56702,12/3/2023 11:14:18 PM
9B18N026,,0.0,,,,,9B18N026,125302,12/3/2023 11:14:18 PM
9B18N027,,1.0,WHITE,NORTH AMERICA,MAN,,9B18N027,980299,12/3/2023 11:14:19 PM
9B19A001,,0.0,,,,,9B19A001,93672,12/3/2023 11:12:38 PM
9B19A002,,1.0,WHITE,NORTH AMERICA,MAN,,9B19A002,890559,12/3/2023 11:12:38 PM
9B19A003,,1.0,BROWN,SOUTHERN ASIA,MAN,,9B19A003,67755,12/3/2023 11:12:39 PM
9B19A004,,1.0,BROWN,SOUTHERN ASIA,MAN,,9B19A004,735245,12/3/2023 11:12:39 PM
9B19A005,,1.0,WHITE,NORTHERN EUROPE,MAN,50.0,9B19A005,72615,12/3/2023 11:12:40 PM
9B19A006,,1.0,WHITE,NORTH AMERICA,MAN,52.0,9B19A006,3145942,12/3/2023 11:12:40 PM
9B19A007,,0.0,,,,,9B19A007,75958,12/3/2023 11:12:40 PM
9B19A008,,1.0,BROWN,SOUTHERN ASIA,MAN,,9B19A008,86275,12/3/2023 11:12:40 PM
9B19A009,,1.0,BROWN,SOUTHERN ASIA,MAN,,9B19A009,669676,12/3/2023 11:12:41 PM
9B19A010,,1.0,WHITE,NORTH AMERICA,MAN,,9B19A010,92990,12/3/2023 11:12:41 PM
,,,,,,,9B19A011,501128,12/3/2023 11:12:41 PM
9B19A012,,1.0,WHITE,NORTH AMERICA,WOMAN,,9B19A012,2231011,12/3/2023 11:12:41 PM
9B19A013,,0.0,,,,,9B19A013,66149,12/3/2023 11:12:42 PM
9B19A014,,1.0,,,WOMAN,,9B19A014,2129327,12/3/2023 11:12:42 PM
,,,,,,,9B19A015,5875500,12/3/2023 11:12:42 PM
9B19A016,,1.0,ASIAN,EASTERN ASIA,MAN,,9B19A016,2870631,12/3/2023 11:12:43 PM
9B19A017,,1.0,WHITE,NORTH AMERICA,MAN,74.0,9B19A017,69605,12/3/2023 11:12:43 PM
9B19A019,,1.0,BROWN,SOUTHERN ASIA,MAN,,9B19A019,385268,12/3/2023 11:12:43 PM
9B19A020,,1.0,BROWN,SOUTHERN ASIA,MAN,,9B19A020,73775,12/3/2023 11:12:43 PM
9B19A021,,1.0,WHITE,NORTHERN EUROPE,MAN,,9B19A021,1496910,12/3/2023 11:12:43 PM
,,,,,,,9B19A022,8449742,12/3/2023 11:12:44 PM
9B19A023,,1.0,WHITE,NORTH AMERICA,MAN,28.0,9B19A023,683136,12/3/2023 11:12:44 PM
,,,,,,,9B19A024,1522508,12/3/2023 11:12:44 PM
,,,,,,,9B19A025,91884,12/3/2023 11:12:44 PM
,,,,,,,9B19A026,1123816,12/3/2023 11:12:45 PM
9B19A027,,1.0,ASIAN,NORTH AMERICA,MAN,,9B19A027,74768,12/3/2023 11:12:45 PM
9B19A028,,1.0,BROWN,SOUTHERN ASIA,MAN,,9B19A028,1361416,12/3/2023 11:12:46 PM
,,,,,,,9B19A029,1706605,12/3/2023 11:12:46 PM
9B19A030,,1.0,BROWN,SOUTHERN ASIA,MAN,,9B19A030,828922,12/3/2023 11:12:46 PM
9B19A031,,1.0,BROWN,SOUTHEASTERN ASIA,MAN,,9B19A031,142329,12/3/2023 11:12:47 PM
9B19A033,,1.0,BROWN,SOUTHERN ASIA,MAN,,9B19A033,83732,12/3/2023 11:12:47 PM
9B19A034,,1.0,ASIAN,SOUTHEASTERN ASIA,MAN,,9B19A034,862658,12/3/2023 11:12:47 PM
9B19A035,,1.0,WHITE,NORTH AMERICA,MAN,,9B19A035,98918,12/3/2023 11:12:47 PM
9B19A037,,1.0,WHITE,SOUTHERN AFRICA,MAN,,9B19A037,78560,12/3/2023 11:12:47 PM
9B19A038,,1.0,ASIAN,EASTERN ASIA,MAN,,9B19A038,1437249,12/3/2023 11:12:50 PM
9B19A039,,1.0,WHITE,NORTH AMERICA,MAN,,9B19A039,976749,12/3/2023 11:12:51 PM
,,,,,,,9B19A042,99312,12/3/2023 11:12:51 PM
9B19A043,,1.0,BROWN,SOUTHERN ASIA,MAN,,9B19A043,1065643,12/3/2023 11:12:51 PM
,,,,,,,9B19A046,69159,12/3/2023 11:12:51 PM
,,,,,,,9B19A047,83461,12/3/2023 11:12:51 PM
,,,,,,,9B19A048,94251,12/3/2023 11:12:51 PM
,,,,,,,9B19A049,60774,12/3/2023 11:12:51 PM
,,,,,,,9B19A050,49821,12/3/2023 11:12:51 PM
,,,,,,,9B19A051,76282,12/3/2023 11:12:52 PM
9B19A052,,0.0,,,,,9B19A052,94352,12/3/2023 11:12:52 PM
9B19A053,,1.0,WHITE,NORTH AMERICA,MAN,49.0,9B19A053,698746,12/3/2023 11:12:52 PM
9B19A054,,1.0,BROWN,SOUTHERN ASIA,MAN,,9B19A054,432541,12/3/2023 11:12:52 PM
9B19A055,,1.0,WHITE,NORTH AMERICA,MAN,,9B19A055,759003,12/3/2023 11:12:53 PM
9B19A056,,1.0,WHITE,NORTH AMERICA,WOMAN,,9B19A056,61368,12/3/2023 11:12:53 PM
9B19A057,,0.0,,,,,9B19A057,72980,12/3/2023 11:12:53 PM
9B19A058,,1.0,BROWN,SOUTHERN ASIA,MAN,,9B19A058,81090,12/3/2023 11:12:53 PM
9B19B001,,1.0,,,,,9B19B001,70251,12/3/2023 11:12:53 PM
9B19B002,,1.0,WHITE,NORTH AMERICA,MAN,,9B19B002,115794,12/3/2023 11:12:54 PM
9B19B003,,1.0,BROWN,SOUTHERN ASIA,MAN,,9B19B003,130185,12/3/2023 11:12:54 PM
9B19B004,,0.0,,,,,9B19B004,156804,12/3/2023 11:12:54 PM
9B19B005,,1.0,WHITE,NORTH AMERICA,WOMAN,,9B19B005,108005,12/3/2023 11:12:54 PM
9B19B006,,0.0,,,,,9B19B006,110496,12/3/2023 11:12:55 PM
9B19B007,,1.0,WHITE,,MAN,,9B19B007,112511,12/3/2023 11:12:55 PM
9B19B008,,1.0,WHITE,NORTH AMERICA,MAN,,9B19B008,113403,12/3/2023 11:12:55 PM
,,,,,,,9B19B009,55064,12/3/2023 11:12:55 PM
,,,,,,,9B19B010,831635,12/3/2023 11:12:55 PM
,,,,,,,9B19B013,208213,12/3/2023 11:12:56 PM
9B19B014,,1.0,WHITE,NORTH AMERICA,MAN,,9B19B014,667641,12/3/2023 11:12:56 PM
9B19B015,,1.0,WHITE,NORTH AMERICA,MAN,,9B19B015,69837,12/3/2023 11:12:56 PM
9B19B016,,1.0,WHITE,NORTH AMERICA,MAN,,9B19B016,77402,12/3/2023 11:12:56 PM
9B19B017,,1.0,WHITE,NORTH AMERICA,WOMAN,,9B19B017,1136131,12/3/2023 11:12:57 PM
9B19C001,,1.0,ASIAN,SOUTHEASTERN ASIA,MAN,,9B19C001,74877,12/3/2023 11:12:57 PM
9B19C002,,1.0,ASIAN,SOUTHEASTERN ASIA,MAN,,9B19C002,108251,12/3/2023 11:12:57 PM
9B19C003,,1.0,WHITE,AUSTRALIA AND NEW ZEALAND,MAN,,9B19C003,80242,12/3/2023 11:12:57 PM
9B19C004,,1.0,WHITE,SOUTHERN AFRICA,WOMAN,,9B19C004,124348,12/3/2023 11:12:57 PM
9B19C005,,1.0,ASIAN,UNKNOWN,WOMAN,,9B19C005,298304,12/3/2023 11:12:57 PM
9B19C006,,1.0,WHITE,UNKNOWN,MAN,,9B19C006,293098,12/3/2023 11:12:57 PM
9B19C007,,1.0,WHITE,NORTH AMERICA,WOMAN,49.0,9B19C007,96158,12/3/2023 11:12:58 PM
9B19C008,,1.0,ASIAN,EASTERN ASIA,MAN,48.0,9B19C008,72164,12/3/2023 11:12:58 PM
9B19C009,,1.0,WHITE,NORTH AMERICA,MAN,48.0,9B19C009,82863,12/3/2023 11:12:58 PM
9B19C010,,1.0,BLACK,SOUTHERN AFRICA,WOMAN,,9B19C010,637607,12/3/2023 11:12:58 PM
9B19C011,,1.0,WHITE,WESTERN EUROPE,WOMAN,,9B19C011,56409,12/3/2023 11:12:58 PM
9B19C012,,1.0,WHITE,WESTERN EUROPE,WOMAN,,9B19C012,1171906,12/3/2023 11:12:58 PM
9B19C013,,1.0,WHITE,NORTH AMERICA,WOMAN,,9B19C013,235294,12/3/2023 11:12:58 PM
9B19C014,,1.0,ASIAN,EASTERN ASIA,MAN,37.0,9B19C014,334727,12/3/2023 11:12:59 PM
9B19C015,,1.0,WHITE,NORTH AMERICA,MAN,,9B19C015,81080,12/3/2023 11:12:59 PM
9B19C016,,1.0,BROWN,SOUTHERN ASIA,MAN,,9B19C016,865864,12/3/2023 11:12:59 PM
9B19C017,,1.0,BROWN,SOUTHERN ASIA,MAN,,9B19C017,1550974,12/3/2023 11:12:59 PM
9B19C018,,1.0,,SOUTHERN ASIA,MAN,,9B19C018,206502,12/3/2023 11:13:00 PM
9B19C019,,1.0,WHITE,NORTH AMERICA,WOMAN,59.0,9B19C019,75291,12/3/2023 11:13:00 PM
9B19C020,,1.0,BROWN,NORTH AMERICA,WOMAN,,9B19C020,396143,12/3/2023 11:13:05 PM
9B19C021,,1.0,WHITE,NORTH AMERICA,MAN,,9B19C021,61266,12/3/2023 11:13:05 PM
9B19C022,,1.0,ASIAN,EASTERN ASIA,WOMAN,,9B19C022,74069,12/3/2023 11:13:05 PM
9B19C023,,1.0,ASIAN,EASTERN ASIA,WOMAN,,9B19C023,217326,12/3/2023 11:13:06 PM
9B19C024,,1.0,ASIAN,EASTERN ASIA,WOMAN,,9B19C024,1038063,12/3/2023 11:13:06 PM
9B19C026,,1.0,WHITE,EASTERN EUROPE,MAN,,9B19C026,73050,12/3/2023 11:13:06 PM
9B19C027,,0.0,,,,,9B19C027,79157,12/3/2023 11:13:06 PM
9B19C028,,1.0,BROWN,SOUTHERN ASIA,MAN,,9B19C028,197847,12/3/2023 11:13:07 PM
9B19C029,,1.0,WHITE,NORTHERN EUROPE,MAN,,9B19C029,938690,12/3/2023 11:13:07 PM
9B19C030,,1.0,,NORTH AMERICA,WOMAN,,9B19C030,66920,12/3/2023 11:13:07 PM
9B19C031,,0.0,,,,,9B19C031,290166,12/3/2023 11:13:08 PM
9B19C032,,0.0,,,,,9B19C032,907915,12/3/2023 11:13:08 PM
9B19D001,,1.0,BROWN,SOUTHERN ASIA,MAN,,9B19D001,1407799,12/3/2023 11:13:08 PM
9B19D002,,1.0,WHITE,NORTH AMERICA,MAN,,9B19D002,560195,12/3/2023 11:13:08 PM
9B19D003,,1.0,BROWN,SOUTHERN ASIA,MAN,,9B19D003,423958,12/3/2023 11:13:09 PM
9B19D004,,1.0,WHITE,NORTH AMERICA,MAN,,9B19D004,321234,12/3/2023 11:13:09 PM
9B19D005,,1.0,WHITE,NORTH AMERICA,MAN,,9B19D005,62589,12/3/2023 11:13:09 PM
9B19D006,,1.0,WHITE,NORTH AMERICA,MAN,,9B19D006,691996,12/3/2023 11:13:09 PM
9B19D007,,1.0,ASIAN,EASTERN ASIA,WOMAN,,9B19D007,849416,12/3/2023 11:13:10 PM
9B19D008,,1.0,ASIAN,NORTH AMERICA,WOMAN,,9B19D008,59995,12/3/2023 11:13:10 PM
9B19D009,,1.0,ASIAN,EASTERN ASIA,MAN,39.0,9B19D009,499651,12/3/2023 11:13:10 PM
,,,,,,,9B19D010,103803,12/3/2023 11:13:10 PM
9B19D012,,1.0,ASIAN,NORTH AMERICA,WOMAN,,9B19D012,64837,12/3/2023 11:13:10 PM
9B19D013,,1.0,WHITE,NORTH AMERICA,MAN,53.0,9B19D013,186271,12/3/2023 11:13:11 PM
,,,,,,,9B19D014,63174,12/3/2023 11:13:11 PM
9B19D015,,1.0,ASIAN,EASTERN ASIA,WOMAN,,9B19D015,133012,12/3/2023 11:13:11 PM
9B19D016,,1.0,BROWN,SOUTHERN ASIA,MAN,,9B19D016,65197,12/3/2023 11:13:12 PM
,,,,,,,9B19D018,299152,12/3/2023 11:13:12 PM
,,,,,,,9B19D020,94992,12/3/2023 11:13:12 PM
9B19D021,,0.0,,,,,9B19D021,131154,12/3/2023 11:13:12 PM
,,,,,,,9B19D022,203909,12/3/2023 11:13:12 PM
9B19D023,,1.0,ASIAN,EASTERN ASIA,MAN,,9B19D023,159084,12/3/2023 11:13:13 PM
9B19D024,,1.0,WHITE,NORTH AMERICA,MAN,,9B19D024,312599,12/3/2023 11:13:13 PM
9B19E001,,1.0,BROWN,SOUTHERN ASIA,MAN,,9B19E001,713541,12/3/2023 11:13:13 PM
9B19E002,,0.0,,,,,9B19E002,250879,12/3/2023 11:13:13 PM
9B19E003,,1.0,ASIAN,EASTERN ASIA,MAN,,9B19E003,818432,12/3/2023 11:13:13 PM
9B19E004,,1.0,,,WOMAN,,9B19E004,555059,12/3/2023 11:13:13 PM
9B19E006,,0.0,,,,,9B19E006,122091,12/3/2023 11:13:13 PM
9B19E007,,1.0,,,WOMAN,,9B19E007,78877,12/3/2023 11:13:13 PM
9B19E008,,1.0,WHITE,NORTH AMERICA,MAN,,9B19E008,3527204,12/3/2023 11:13:14 PM
9B19E009,,1.0,WHITE,NORTH AMERICA,MAN,,9B19E009,625167,12/3/2023 11:13:14 PM
9B19E010,,1.0,BROWN,SOUTHERN ASIA,MAN,,9B19E010,1382383,12/3/2023 11:13:21 PM
9B19E011,,1.0,BROWN,WESTERN ASIA,WOMAN,,9B19E011,168264,12/3/2023 11:13:21 PM
9B19E012,,1.0,ASIAN,EASTERN ASIA,MAN,,9B19E012,128184,12/3/2023 11:13:21 PM
9B19E013,,1.0,WHITE,NORTH AMERICA,WOMAN,,9B19E013,74660,12/3/2023 11:13:21 PM
9B19E014,,1.0,WHITE,NORTH AMERICA,MAN,,9B19E014,84823,12/3/2023 11:13:22 PM
9B19E015,,1.0,WHITE,NORTH AMERICA,MAN,,9B19E015,103863,12/3/2023 11:13:22 PM
9B19E016,,0.0,,,,,9B19E016,163635,12/3/2023 11:13:22 PM
,,,,,,,9B19E019,80136,12/3/2023 11:13:22 PM
,,,,,,,9B19E020,114946,12/3/2023 11:13:22 PM
,,,,,,,9B19E021,1047580,12/3/2023 11:13:23 PM
9B19E022,,1.0,BROWN,SOUTHERN ASIA,MAN,52.0,9B19E022,216996,12/3/2023 11:13:23 PM
9B19E023,,1.0,WHITE,NORTH AMERICA,MAN,,9B19E023,431682,12/3/2023 11:13:23 PM
9B19M001,,1.0,BROWN,SOUTHERN ASIA,WOMAN,,9B19M001,81311,12/3/2023 11:13:24 PM
9B19M002,,1.0,WHITE,NORTH AMERICA,MAN,,9B19M002,98503,12/3/2023 11:13:24 PM
9B19M003,,1.0,BROWN,SOUTHERN ASIA,MAN,,9B19M003,103247,12/3/2023 11:13:24 PM
9B19M004,,1.0,ASIAN,SOUTHEASTERN ASIA,MAN,60.0,9B19M004,323546,12/3/2023 11:13:24 PM
,,,,,,,9B19M005,72905,12/3/2023 11:13:25 PM
9B19M006,,1.0,BROWN,SOUTHERN ASIA,MAN,,9B19M006,721789,12/3/2023 11:13:25 PM
9B19M007,,0.0,,,,,9B19M007,100829,12/3/2023 11:13:27 PM
9B19M008,,1.0,ASIAN,EASTERN ASIA,MAN,,9B19M008,176587,12/3/2023 11:13:27 PM
9B19M009,,1.0,WHITE,SOUTHERN AFRICA,WOMAN,,9B19M009,112464,12/3/2023 11:13:28 PM
9B19M010,,1.0,ASIAN,EASTERN ASIA,MAN,,9B19M010,449581,12/3/2023 11:13:28 PM
,,,,,,,9B19M011,1601664,12/3/2023 11:13:28 PM
,,,,,,,9B19M012,236911,12/3/2023 11:13:29 PM
9B19M013,,0.0,,,,,9B19M013,252421,12/3/2023 11:13:29 PM
9B19M014,,1.0,WHITE,EASTERN EUROPE,MAN,,9B19M014,776375,12/3/2023 11:13:29 PM
,,,,,,,9B19M015,62060,12/3/2023 11:13:29 PM
9B19M016,,1.0,BROWN,SOUTHERN ASIA,MAN,,9B19M016,86607,12/3/2023 11:13:29 PM
9B19M017,,1.0,WHITE,SOUTHERN AFRICA,MAN,,9B19M017,143741,12/3/2023 11:13:30 PM
,,,,,,,9B19M018,3684918,12/3/2023 11:13:30 PM
9B19M019,,1.0,WHITE,SOUTHERN AFRICA,MAN,,9B19M019,134212,12/3/2023 11:13:31 PM
9B19M021,,1.0,WHITE,NORTH AMERICA,WOMAN,,9B19M021,66462,12/3/2023 11:13:31 PM
9B19M022,,1.0,WHITE,NORTHERN EUROPE,MAN,,9B19M022,1804335,12/3/2023 11:13:31 PM
9B19M023,,1.0,WHITE,NORTH AMERICA,WOMAN,,9B19M023,5599873,12/3/2023 11:13:31 PM
9B19M024,,1.0,WHITE,NORTH AMERICA,MAN,,9B19M024,3320730,12/3/2023 11:13:32 PM
9B19M025,,1.0,BROWN,SOUTHERN ASIA,MAN,,9B19M025,339350,12/3/2023 11:13:33 PM
9B19M026,,1.0,WHITE,NORTH AMERICA,MAN,,9B19M026,172888,12/3/2023 11:13:33 PM
9B19M027,,1.0,ASIAN,EASTERN ASIA,WOMAN,,9B19M027,4939036,12/3/2023 11:13:33 PM
9B19M028,,0.0,,,,,9B19M028,95568,12/3/2023 11:13:34 PM
9B19M029,,1.0,WHITE,WESTERN EUROPE,MAN,83.0,9B19M029,213895,12/3/2023 11:13:34 PM
9B19M030,,1.0,WHITE,SOUTHERN AFRICA,MAN,,9B19M030,101765,12/3/2023 11:13:34 PM
9B19M031,,1.0,ASIAN,EASTERN ASIA,MAN,,9B19M031,75897,12/3/2023 11:13:34 PM
9B19M032,,1.0,ASIAN,EASTERN ASIA,MAN,47.0,9B19M032,101297,12/3/2023 11:13:34 PM
9B19M033,,1.0,WHITE,NORTH AMERICA,MAN,47.0,9B19M033,635324,12/3/2023 11:13:35 PM
9B19M034,,1.0,ASIAN,EASTERN ASIA,MAN,,9B19M034,86838,12/3/2023 11:13:35 PM
9B19M035,,1.0,WHITE,WESTERN EUROPE,MAN,65.0,9B19M035,91652,12/3/2023 11:13:35 PM
9B19M036,,1.0,ASIAN,EASTERN ASIA,MAN,,9B19M036,3202471,12/3/2023 11:13:35 PM
9B19M037,,1.0,BLACK,NORTH AMERICA,WOMAN,,9B19M037,816642,12/3/2023 11:13:35 PM
9B19M038,,1.0,WHITE,,MAN,,9B19M038,115810,12/3/2023 11:13:36 PM
9B19M039,,1.0,BROWN,SOUTHERN ASIA,MAN,,9B19M039,302632,12/3/2023 11:13:36 PM
,,,,,,,9B19M040,650971,12/3/2023 11:13:36 PM
9B19M041,,1.0,ASIAN,EASTERN ASIA,MAN,,9B19M041,871535,12/3/2023 11:13:36 PM
9B19M042,,1.0,WHITE,NORTH AMERICA,WOMAN,,9B19M042,50738,12/3/2023 11:13:37 PM
9B19M043,,1.0,BROWN,SOUTHERN ASIA,MAN,,9B19M043,1798569,12/3/2023 11:13:39 PM
9B19M044,,1.0,ASIAN,EASTERN ASIA,MAN,43.0,9B19M044,75360,12/3/2023 11:13:39 PM
,,,,,,,9B19M045,83322,12/3/2023 11:13:39 PM
9B19M046,,1.0,WHITE,WESTERN EUROPE,MAN,,9B19M046,568873,12/3/2023 11:13:40 PM
9B19M047,,0.0,,,,,9B19M047,1988417,12/3/2023 11:13:40 PM
9B19M048,,0.0,,,,,9B19M048,124675,12/3/2023 11:13:40 PM
9B19M049,,1.0,WHITE,NORTH AMERICA,WOMAN,58.0,9B19M049,678428,12/3/2023 11:13:41 PM
9B19M050,,1.0,WHITE,NORTH AMERICA,MAN,38.0,9B19M050,85107,12/3/2023 11:13:41 PM
9B19M051,,1.0,ASIAN,EASTERN ASIA,MAN,,9B19M051,68805,12/3/2023 11:13:41 PM
9B19M052,,1.0,ASIAN,SOUTHERN ASIA,MAN,,9B19M052,363210,12/3/2023 11:13:41 PM
9B19M053,,1.0,ASIAN,SOUTHEASTERN ASIA,MAN,,9B19M053,88471,12/3/2023 11:13:42 PM
9B19M054,,1.0,WHITE,AUSTRALIA AND NEW ZEALAND,MAN,,9B19M054,92276,12/3/2023 11:13:42 PM
9B19M055,,1.0,BROWN,SOUTHERN ASIA,MAN,,9B19M055,419131,12/3/2023 11:13:42 PM
9B19M056,,1.0,WHITE,NORTH AMERICA,MAN,,9B19M056,414436,12/3/2023 11:13:42 PM
9B19M057,,1.0,WHITE,NORTHERN EUROPE,MAN,58.0,9B19M057,125107,12/3/2023 11:13:43 PM
9B19M058,,0.0,,,,,9B19M058,79161,12/3/2023 11:13:43 PM
9B19M059,,1.0,BROWN,SOUTHEASTERN ASIA,MAN,,9B19M059,167848,12/3/2023 11:13:43 PM
,,,,,,,9B19M061,100611,12/3/2023 11:13:43 PM
9B19M062,,1.0,ASIAN,EASTERN ASIA,MAN,,9B19M062,567554,12/3/2023 11:13:43 PM
9B19M063,,1.0,WHITE,NORTH AMERICA,WOMAN,,9B19M063,738776,12/3/2023 11:13:44 PM
9B19M064,,1.0,BROWN,SOUTHERN ASIA,MAN,,9B19M064,101765,12/3/2023 11:13:44 PM
9B19M065,,1.0,BROWN,SOUTHERN ASIA,MAN,61.0,9B19M065,80388,12/3/2023 11:13:44 PM
9B19M066,,1.0,WHITE,SOUTHERN EUROPE,MAN,62.0,9B19M066,1199809,12/3/2023 11:13:44 PM
9B19M067,,1.0,ASIAN,SOUTHEASTERN ASIA,MAN,,9B19M067,137635,12/3/2023 11:13:44 PM
,,,,,,,9B19M068,523105,12/3/2023 11:13:45 PM
9B19M069,,1.0,BROWN,SOUTHERN ASIA,MAN,,9B19M069,110045,12/3/2023 11:13:45 PM
9B19M070,,0.0,,,,,9B19M070,99813,12/3/2023 11:13:45 PM
9B19M071,,1.0,ASIAN,NORTH AMERICA,MAN,,9B19M071,333811,12/3/2023 11:13:45 PM
9B19M072,,0.0,,,,,9B19M072,91133,12/3/2023 11:13:45 PM
9B19M073,,1.0,ASIAN,EASTERN ASIA,MAN,61.0,9B19M073,86527,12/3/2023 11:13:46 PM
9B19M074,,1.0,ASIAN,EASTERN ASIA,MAN,,9B19M074,419902,12/3/2023 11:13:46 PM
9B19M075,,1.0,ASIAN,EASTERN ASIA,MAN,,9B19M075,2126798,12/3/2023 11:13:46 PM
9B19M076,,1.0,WHITE,NORTHERN EUROPE,MAN,65.0,9B19M076,145046,12/3/2023 11:13:46 PM
9B19M077,,1.0,WHITE,NORTHERN EUROPE,MAN,65.0,9B19M077,90426,12/3/2023 11:13:47 PM
9B19M078,,1.0,WHITE,NORTH AMERICA,WOMAN,,9B19M078,1306671,12/3/2023 11:13:47 PM
9B19M079,,1.0,BROWN,WESTERN ASIA,MAN,,9B19M079,251222,12/3/2023 11:13:47 PM
9B19M080,,1.0,ASIAN,SOUTHEASTERN ASIA,MAN,,9B19M080,113722,12/3/2023 11:13:47 PM
9B19M081,,1.0,ASIAN,EASTERN ASIA,MAN,41.0,9B19M081,82772,12/3/2023 11:13:48 PM
,,,,,,,9B19M082,80592,12/3/2023 11:13:48 PM
9B19M083,,0.0,,,,,9B19M083,103980,12/3/2023 11:13:48 PM
9B19M084,,1.0,WHITE,NORTH AMERICA,WOMAN,,9B19M084,86252,12/3/2023 11:13:48 PM
9B19M085,,1.0,WHITE,NORTH AMERICA,WOMAN,,9B19M085,112718,12/3/2023 11:13:48 PM
9B19M086,,1.0,BROWN,SOUTHERN ASIA,MAN,,9B19M086,69050,12/3/2023 11:13:49 PM
,,,,,,,9B19M087,94019,12/3/2023 11:13:49 PM
,,,,,,,9B19M088,84145,12/3/2023 11:13:49 PM
,,,,,,,9B19M089,71710,12/3/2023 11:13:49 PM
,,,,,,,9B19M090,5952649,12/3/2023 11:13:50 PM
9B19M091,,1.0,WHITE,NORTH AMERICA,WOMAN,,9B19M091,410637,12/3/2023 11:13:50 PM
9B19M092,,1.0,WHITE,EASTERN ASIA,MAN,64.0,9B19M092,190081,12/3/2023 11:13:50 PM
,,,,,,,9B19M093,123531,12/3/2023 11:13:50 PM
,,,,,,,9B19M094,69149,12/3/2023 11:13:51 PM
9B19M095,,0.0,,,,,9B19M095,106870,12/3/2023 11:13:51 PM
9B19M096,,1.0,,WESTERN ASIA,MAN,,9B19M096,616036,12/3/2023 11:13:51 PM
,,,,,,,9B19M097,107467,12/3/2023 11:13:51 PM
,,,,,,,9B19M098,77679,12/3/2023 11:13:52 PM
9B19M099,,1.0,WHITE,SOUTHERN AFRICA,MAN,47.0,9B19M099,81865,12/3/2023 11:13:52 PM
9B19M100,,0.0,,,,,9B19M100,386285,12/3/2023 11:13:52 PM
,,,,,,,9B19M101,121997,12/3/2023 11:13:52 PM
9B19M102,,1.0,BROWN,SOUTHERN ASIA,MAN,,9B19M102,912880,12/3/2023 11:13:53 PM
9B19M103,,0.0,,,,,9B19M103,70956,12/3/2023 11:13:53 PM
9B19M104,,1.0,,,,,9B19M104,1022997,12/3/2023 11:13:53 PM
9B19M105,,0.0,,,,,9B19M105,168342,12/3/2023 11:13:56 PM
9B19M106,,1.0,ASIAN,EASTERN ASIA,MAN,,9B19M106,61514,12/3/2023 11:13:56 PM
,,,,,,,9B19M108,133963,12/3/2023 11:13:56 PM
,,,,,,,9B19M110,207012,12/3/2023 11:13:56 PM
,,,,,,,9B19M111,131687,12/3/2023 11:13:57 PM
9B19M112,,1.0,,,MAN,,9B19M112,66878,12/3/2023 11:13:57 PM
9B19M113,,1.0,BROWN,WESTERN ASIA,MAN,,9B19M113,628141,12/3/2023 11:13:57 PM
,,,,,,,9B19M114,105755,12/3/2023 11:13:57 PM
,,,,,,,9B19M115,2243356,12/3/2023 11:13:57 PM
,,,,,,,9B19M116,129353,12/3/2023 11:13:58 PM
,,,,,,,9B19M117,124694,12/3/2023 11:13:58 PM
9B19M118,,0.0,ASIAN,,MAN,,9B19M118,135917,12/3/2023 11:13:58 PM
9B19M119,,0.0,,,,,9B19M119,90058,12/3/2023 11:13:59 PM
,,,,,,,9B19M120,837687,12/3/2023 11:13:59 PM
9B19M121,,1.0,,WESTERN ASIA,WOMAN,,9B19M121,288697,12/3/2023 11:13:59 PM
9B19M122,,1.0,WHITE,NORTHERN EUROPE,MAN,60.0,9B19M122,257567,12/3/2023 11:13:59 PM
9B19M123,,1.0,BROWN,SOUTHERN ASIA,MAN,26.0,9B19M123,94400,12/3/2023 11:13:59 PM
9B19M124,,1.0,WHITE,EASTERN ASIA,MAN,,9B19M124,73239,12/3/2023 11:14:00 PM
9B19M125,,1.0,WHITE,WESTERN EUROPE,MAN,53.0,9B19M125,68893,12/3/2023 11:14:00 PM
,,,,,,,9B19M126,137219,12/3/2023 11:14:00 PM
,,,,,,,9B19M127,99604,12/3/2023 11:14:00 PM
9B19M128,,0.0,,,,,9B19M128,82235,12/3/2023 11:14:00 PM
9B19M129,,1.0,BROWN,SOUTHERN ASIA,MAN,,9B19M129,75346,12/3/2023 11:14:00 PM
9B19M130,,1.0,WHITE,NORTH AMERICA,MAN,65.0,9B19M130,75164,12/3/2023 11:14:00 PM
9B19M131,,1.0,WHITE,NORTH AMERICA,MAN,,9B19M131,60530,12/3/2023 11:14:00 PM
9B19M133,,1.0,BROWN,SOUTHERN ASIA,MAN,,9B19M133,95903,12/3/2023 11:14:00 PM
9B19M134,,0.0,,,,,9B19M134,582095,12/3/2023 11:14:01 PM
9B19M135,,1.0,ASIAN,EASTERN ASIA,MAN,,9B19M135,106232,12/3/2023 11:14:02 PM
9B19M136,,0.0,,,,,9B19M136,111143,12/3/2023 11:14:02 PM
9B19M137,,0.0,,,,,9B19M137,85413,12/3/2023 11:14:03 PM
9B19M138,,1.0,BLACK,SOUTHERN AFRICA,MAN,,9B19M138,105551,12/3/2023 11:14:03 PM
9B19M139,,0.0,,,,,9B19M139,140672,12/3/2023 11:14:03 PM
9B19M140,,1.0,BROWN,SOUTHERN ASIA,MAN,,9B19M140,179153,12/3/2023 11:14:03 PM
9B19M141,,1.0,WHITE,NORTH AMERICA,MAN,,9B19M141,80014,12/3/2023 11:14:03 PM
9B19N001,,0.0,,,,,9B19N001,812414,12/3/2023 11:14:03 PM
9B19N002,,1.0,WHITE,WESTERN EUROPE,MAN,,9B19N002,177326,12/3/2023 11:14:03 PM
9B19N003,,1.0,WHITE,WESTERN EUROPE,MAN,,9B19N003,69491,12/3/2023 11:14:04 PM
9B19N004,,1.0,BROWN,SOUTHERN ASIA,MAN,,9B19N004,76166,12/3/2023 11:14:04 PM
9B19N005,,0.0,,,,,9B19N005,206887,12/3/2023 11:14:04 PM
9B19N006,,1.0,ASIAN,EASTERN ASIA,MAN,,9B19N006,99030,12/3/2023 11:14:04 PM
9B19N007,,1.0,WHITE,NORTH AMERICA,MAN,89.0,9B19N007,88693,12/3/2023 11:14:04 PM
9B19N008,,1.0,ASIAN,EASTERN ASIA,MAN,56.0,9B19N008,213901,12/3/2023 11:14:04 PM
9B19N009,,1.0,WHITE,NORTH AMERICA,MAN,,9B19N009,123302,12/3/2023 11:14:05 PM
9B19N010,,1.0,BROWN,SOUTHERN ASIA,MAN,,9B19N010,449870,12/3/2023 11:14:05 PM
,,,,,,,9B19N011,122197,12/3/2023 11:14:05 PM
9B19N012,,0.0,,,,,9B19N012,148474,12/3/2023 11:14:05 PM
9B19N013,,1.0,BROWN,NORTH AMERICA,WOMAN,,9B19N013,79199,12/3/2023 11:14:05 PM
9B19N014,,1.0,WHITE,NORTHERN EUROPE,MAN,,9B19N014,1350166,12/3/2023 11:14:05 PM
9B19N015,,1.0,WHITE,NORTH AMERICA,WOMAN,,9B19N015,91091,12/3/2023 11:14:06 PM
9B19N016,,0.0,,,,,9B19N016,276640,12/3/2023 11:14:06 PM
,,,,,,,9B19N017,82125,12/3/2023 11:14:06 PM
,,,,,,,9B19N018,72295,12/3/2023 11:14:06 PM
,,,,,,,9B19N019,353060,12/3/2023 11:14:08 PM
9B19N020,,0.0,,,,,9B19N020,292950,12/3/2023 11:14:08 PM
9B19N021,,1.0,ASIAN,SOUTHEASTERN ASIA,WOMAN,,9B19N021,128184,12/3/2023 11:14:08 PM
9B19N022,,1.0,WHITE,NORTH AMERICA,WOMAN,,9B19N022,129755,12/3/2023 11:14:08 PM
9B19N023,,1.0,ASIAN,EASTERN ASIA,MAN,,9B19N023,1328611,12/3/2023 11:14:09 PM
9B19N024,,1.0,WHITE,SOUTHEASTERN ASIA,WOMAN,,9B19N024,318917,12/3/2023 11:14:09 PM
,,,,,,,9B20C011,49360,12/3/2023 11:06:53 PM
9B21A001,,1.0,,NORTH AMERICA,MAN,,9B21A001,1076631,12/3/2023 11:06:53 PM
9B21A002,,1.0,BROWN,SOUTHERN ASIA,MAN,37.0,9B21A002,184425,12/3/2023 11:06:53 PM
9B21A003,,1.0,ASIAN,SOUTHERN ASIA,MAN,,9B21A003,491965,12/3/2023 11:06:53 PM
9B21A004,,1.0,WHITE,NORTH AMERICA,MAN,,9B21A004,84395,12/3/2023 11:06:53 PM
9B21A005,,1.0,WHITE,NORTH AMERICA,MAN,,9B21A005,63716,12/3/2023 11:06:54 PM
9B21A006,,1.0,WHITE,NORTH AMERICA,WOMAN,,9B21A006,10197199,12/3/2023 11:06:54 PM
,,,,,,,9B21A007,85785,12/3/2023 11:06:54 PM
9B21A008,,1.0,BROWN,SOUTHERN ASIA,MAN,26.0,9B21A008,134158,12/3/2023 11:06:54 PM
9B21A009,,1.0,ASIAN,SOUTHERN ASIA,MAN,,9B21A009,73912,12/3/2023 11:06:54 PM
,,,,,,,9B21A010,773077,12/3/2023 11:06:54 PM
9B21A011,,1.0,BROWN,SOUTHERN ASIA,MAN,,9B21A011,148823,12/3/2023 11:06:54 PM
9B21A012,,1.0,BROWN,NORTH AMERICA,WOMAN,,9B21A012,28815682,12/3/2023 11:06:55 PM
9B21A013,,1.0,BROWN,SOUTHERN ASIA,WOMAN,,9B21A013,94602,12/3/2023 11:06:55 PM
9B21A014,,1.0,WHITE,NORTH AMERICA,MAN,,9B21A014,180153,12/3/2023 11:06:55 PM
9B21A015,,1.0,ASIAN,SOUTHEASTERN ASIA,MAN,,9B21A015,1445432,12/3/2023 11:06:55 PM
9B21A016,,1.0,BROWN,SOUTHERN ASIA,WOMAN,,9B21A016,71263,12/3/2023 11:06:55 PM
9B21A017,,1.0,WHITE,NORTH AMERICA,WOMAN,,9B21A017,326914,12/3/2023 11:06:56 PM
9B21A018,,0.0,,,,,9B21A018,84184,12/3/2023 11:06:56 PM
9B21A019,,1.0,BROWN,SOUTHERN ASIA,MAN,,9B21A019,461552,12/3/2023 11:06:56 PM
9B21A020,,1.0,BROWN,UNKNOWN,WOMAN,,9B21A020,199156,12/3/2023 11:06:56 PM
,,,,,,,9B21A021,100670,12/3/2023 11:06:56 PM
9B21A022,,1.0,WHITE,NORTH AMERICA,MAN,,9B21A022,5512774,12/3/2023 11:06:57 PM
9B21A023,,1.0,,NORTH AMERICA,WOMAN,,9B21A023,570699,12/3/2023 11:06:57 PM
,,,,,,,9B21A024,5870379,12/3/2023 11:06:59 PM
,,,,,,,9B21A025,82630,12/3/2023 11:06:59 PM
9B21B001,,1.0,,NORTH AMERICA,MAN,,9B21B001,144152,12/3/2023 11:06:59 PM
9B21B002,,1.0,WHITE,NORTH AMERICA,WOMAN,,9B21B002,54266,12/3/2023 11:06:59 PM
9B21B003,,1.0,WHITE,WESTERN EUROPE,WOMAN,,9B21B003,67350,12/3/2023 11:06:59 PM
9B21B004,,1.0,WHITE,NORTH AMERICA,MAN,,9B21B004,825731,12/3/2023 11:06:59 PM
9B21B005,,1.0,,UNKNOWN,WOMAN,,9B21B005,66211,12/3/2023 11:06:59 PM
9B21B006,,1.0,,,WOMAN,,9B21B006,52922,12/3/2023 11:06:59 PM
9B21B007,,1.0,WHITE,NORTH AMERICA,MAN,,9B21B007,185657,12/3/2023 11:06:59 PM
9B21B008,,1.0,WHITE,NORTH AMERICA,WOMAN,,9B21B008,65188,12/3/2023 11:06:59 PM
9B21B009,,0.0,,,,,9B21B009,52143,12/3/2023 11:06:59 PM
9B21B010,,1.0,WHITE,NORTH AMERICA,WOMAN,,9B21B010,258287,12/3/2023 11:07:00 PM
9B21B011,,1.0,WHITE,NORTH AMERICA,MAN,,9B21B011,129999,12/3/2023 11:07:00 PM
9B21B012,,0.0,,,,,9B21B012,70650,12/3/2023 11:07:00 PM
9B21B013,,1.0,BROWN,SOUTHERN ASIA,MAN,,9B21B013,222764,12/3/2023 11:07:00 PM
9B21C001,,1.0,BROWN,SOUTHERN ASIA,MAN,,9B21C001,73904,12/3/2023 11:07:00 PM
9B21C002,,1.0,ASIAN,NORTH AMERICA,MAN,,9B21C002,56524,12/3/2023 11:07:01 PM
,,,,,,,9B21C003,137792,12/3/2023 11:07:02 PM
9B21C004,,1.0,WHITE,NORTH AMERICA,MAN,,9B21C004,525065,12/3/2023 11:07:02 PM
9B21C005,,1.0,WHITE,NORTH AMERICA,WOMAN,,9B21C005,70641,12/3/2023 11:07:02 PM
9B21C006,,1.0,WHITE,NORTH AMERICA,MAN,,9B21C006,65358,12/3/2023 11:07:02 PM
9B21C007,,1.0,WHITE,NORTH AMERICA,MAN,,9B21C007,52788,12/3/2023 11:07:02 PM
9B21C008,,1.0,ASIAN,SOUTHEASTERN ASIA,MAN,,9B21C008,133208,12/3/2023 11:07:02 PM
,,,,,,,9B21C009,63778,12/3/2023 11:07:03 PM
9B21C010,,1.0,WHITE,NORTH AMERICA,WOMAN,,9B21C010,173898,12/3/2023 11:07:03 PM
9B21C012,,1.0,BROWN,SOUTHERN ASIA,WOMAN,,9B21C012,799465,12/3/2023 11:07:04 PM
9B21C013,,1.0,WHITE,NORTH AMERICA,WOMAN,,9B21C013,75920,12/3/2023 11:07:04 PM
,,,,,,,9B21C014,124813,12/3/2023 11:07:04 PM
9B21C015,,1.0,WHITE,SOUTHERN AFRICA,MAN,,9B21C015,229583,12/3/2023 11:07:04 PM
9B21C016,,1.0,WHITE,NORTH AMERICA,WOMAN,,9B21C016,215113,12/3/2023 11:07:04 PM
9B21C017,,1.0,WHITE,NORTH AMERICA,WOMAN,,9B21C017,1403829,12/3/2023 11:07:04 PM
9B21C018,,1.0,WHITE,NORTH AMERICA,MAN,,9B21C018,126770,12/3/2023 11:07:04 PM
9B21C019,,1.0,WHITE,NORTH AMERICA,MAN,,9B21C019,85709,12/3/2023 11:07:04 PM
9B21C020,,1.0,WHITE,UNKNOWN,WOMAN,24.0,9B21C020,53380,12/3/2023 11:07:04 PM
,,,,,,,9B21C021,51086,12/3/2023 11:07:05 PM
,,,,,,,9B21C022,52652,12/3/2023 11:07:05 PM
,,,,,,,9B21C023,29855,12/3/2023 11:07:05 PM
,,,,,,,9B21C024,52821,12/3/2023 11:07:05 PM
,,,,,,,9B21C025,51513,12/3/2023 11:07:05 PM
9B21C026,,1.0,BLACK,WESTERN AFRICA,MAN,,9B21C026,102219,12/3/2023 11:07:05 PM
,,,,,,,9B21C027,520956,12/3/2023 11:07:05 PM
9B21C028,,1.0,BROWN,SOUTHERN ASIA,MAN,,9B21C028,5085965,12/3/2023 11:07:06 PM
,,,,,,,9B21C029,66660,12/3/2023 11:07:06 PM
,,,,,,,9B21C030,54515,12/3/2023 11:07:06 PM
,,,,,,,9B21C031,55032,12/3/2023 11:07:06 PM
,,,,,,,9B21C032,53600,12/3/2023 11:07:06 PM
,,,,,,,9B21C033,54837,12/3/2023 11:07:06 PM
,,,,,,,9B21C034,53661,12/3/2023 11:07:07 PM
,,,,,,,9B21C035,55264,12/3/2023 11:07:07 PM
,,,,,,,9B21C036,147617,12/3/2023 11:07:07 PM
,,,,,,,9B21C037,808945,12/3/2023 11:07:07 PM
,,,,,,,9B21D001,67948,12/3/2023 11:07:07 PM
,,,,,,,9B21D002,220793,12/3/2023 11:07:07 PM
,,,,,,,9B21D003,94873,12/3/2023 11:07:07 PM
,,,,,,,9B21D004,61909,12/3/2023 11:07:07 PM
9B21D005,,1.0,ASIAN,EASTERN ASIA,MAN,,9B21D005,575386,12/3/2023 11:07:08 PM
9B21D006,,1.0,WHITE,NORTH AMERICA,WOMAN,,9B21D006,806612,12/3/2023 11:07:08 PM
9B21D007,,1.0,ASIAN,EASTERN ASIA,MAN,,9B21D007,418591,12/3/2023 11:07:08 PM
9B21D008,,1.0,BROWN,SOUTHERN ASIA,MAN,,9B21D008,1515855,12/3/2023 11:07:08 PM
9B21D009,,1.0,ASIAN,EASTERN ASIA,MAN,,9B21D009,558066,12/3/2023 11:07:08 PM
9B21D010,,1.0,,,MAN,,9B21D010,5786700,12/3/2023 11:07:09 PM
,,,,,,,9B21D011,78552,12/3/2023 11:07:09 PM
9B21D012,,1.0,,UNKNOWN,WOMAN,,9B21D012,98789,12/3/2023 11:07:09 PM
9B21E001,,1.0,WHITE,NORTH AMERICA,MAN,,9B21E001,410240,12/3/2023 11:07:09 PM
9B21E002,,1.0,ASIAN,SOUTHERN ASIA,MAN,,9B21E002,71288,12/3/2023 11:07:09 PM
9B21E003,,1.0,BROWN,SOUTHERN ASIA,MAN,,9B21E003,139612,12/3/2023 11:07:09 PM
9B21E004,,0.0,,,,,9B21E004,252141,12/3/2023 11:07:09 PM
9B21E005,,0.0,,,,,9B21E005,82080,12/3/2023 11:07:09 PM
9B21E006,,1.0,ASIAN,EASTERN ASIA,MAN,,9B21E006,83598,12/3/2023 11:07:09 PM
9B21E007,,1.0,ASIAN,EASTERN ASIA,MAN,,9B21E007,98054,12/3/2023 11:07:10 PM
9B21E008,,1.0,WHITE,NORTH AMERICA,MAN,,9B21E008,186299,12/3/2023 11:07:10 PM
9B21E009,,1.0,WHITE,NORTH AMERICA,WOMAN,,9B21E009,68207,12/3/2023 11:07:10 PM
9B21E010,,1.0,ASIAN,EASTERN ASIA,MAN,,9B21E010,601455,12/3/2023 11:07:10 PM
9B21E011,,1.0,WHITE,NORTH AMERICA,WOMAN,,9B21E011,101757,12/3/2023 11:07:10 PM
,,,,,,,9B21E012,57506,12/3/2023 11:07:10 PM
,,,,,,,9B21E013,1548261,12/3/2023 11:07:10 PM
9B21M001,,0.0,,,,,9B21M001,80158,12/3/2023 11:07:10 PM
9B21M002,,0.0,,,,,9B21M002,2133103,12/3/2023 11:07:11 PM
9B21M003,,1.0,WHITE,AUSTRALIA AND NEW ZEALAND,MAN,,9B21M003,7696166,12/3/2023 11:07:12 PM
9B21M004,,1.0,WHITE,NORTH AMERICA,MAN,,9B21M004,139721,12/3/2023 11:07:12 PM
9B21M005,,1.0,WHITE,NORTH AMERICA,MAN,,9B21M005,89520,12/3/2023 11:07:12 PM
9B21M006,,0.0,,,,,9B21M006,474790,12/3/2023 11:07:12 PM
9B21M007,,1.0,,SOUTHERN AFRICA,WOMAN,,9B21M007,96916,12/3/2023 11:07:12 PM
9B21M008,,1.0,,SOUTHERN AFRICA,WOMAN,,9B21M008,76119,12/3/2023 11:07:13 PM
9B21M009,,1.0,,SOUTHEASTERN ASIA,MAN,,9B21M009,76691,12/3/2023 11:07:13 PM
9B21M010,,1.0,,NORTH AMERICA,MAN,,9B21M010,368946,12/3/2023 11:07:13 PM
9B21M011,,0.0,,,,,9B21M011,181103,12/3/2023 11:07:13 PM
9B21M012,,1.0,,NORTH AMERICA,MAN,,9B21M012,94885,12/3/2023 11:07:13 PM
9B21M013,,1.0,ASIAN,SOUTHEASTERN ASIA,MAN,,9B21M013,101162,12/3/2023 11:07:13 PM
9B21M014,,0.0,,,,,9B21M014,1102789,12/3/2023 11:07:13 PM
9B21M015,,1.0,WHITE,NORTH AMERICA,MAN,,9B21M015,2146546,12/3/2023 11:07:14 PM
9B21M016,,1.0,WHITE,WESTERN EUROPE,MAN,,9B21M016,109268,12/3/2023 11:07:14 PM
9B21M017,,1.0,ASIAN,EASTERN ASIA,MAN,,9B21M017,78623,12/3/2023 11:07:14 PM
9B21M018,,1.0,WHITE,NORTH AMERICA,MAN,,9B21M018,93135,12/3/2023 11:07:14 PM
9B21M019,,1.0,WHITE,AUSTRALIA AND NEW ZEALAND,WOMAN,,9B21M019,17311192,12/3/2023 11:07:15 PM
9B21M020,,1.0,BROWN,SOUTHERN ASIA,WOMAN,,9B21M020,9220279,12/3/2023 11:07:16 PM
9B21M021,,1.0,WHITE,NORTH AMERICA,WOMAN,34.0,9B21M021,253974,12/3/2023 11:07:16 PM
9B21M022,,1.0,WHITE,SOUTH AMERICA,MAN,,9B21M022,1115137,12/3/2023 11:07:16 PM
9B21M023,,1.0,WHITE,NORTHERN EUROPE,WOMAN,,9B21M023,1246223,12/3/2023 11:07:16 PM
9B21M024,,1.0,BROWN,SOUTHERN ASIA,MAN,,9B21M024,159437,12/3/2023 11:07:16 PM
9B21M025,,1.0,WHITE,AUSTRALIA AND NEW ZEALAND,MAN,39.0,9B21M025,89677,12/3/2023 11:07:16 PM
9B21M026,,1.0,WHITE,NORTH AMERICA,WOMAN,,9B21M026,58457,12/3/2023 11:07:16 PM
9B21M027,,1.0,ASIAN,EASTERN ASIA,MAN,,9B21M027,153041,12/3/2023 11:07:17 PM
9B21M028,,1.0,WHITE,UNKNOWN,MAN,,9B21M028,205104,12/3/2023 11:07:17 PM
9B21M029,,1.0,ASIAN,EASTERN ASIA,MAN,,9B21M029,100137,12/3/2023 11:07:17 PM
9B21M030,,1.0,,,MAN,,9B21M030,80619,12/3/2023 11:07:17 PM
9B21M031,,0.0,,,,,9B21M031,100653,12/3/2023 11:07:17 PM
9B21M032,,1.0,BROWN,SOUTHERN ASIA,MAN,,9B21M032,128340,12/3/2023 11:07:17 PM
9B21M033,,1.0,WHITE,NORTH AMERICA,MAN,,9B21M033,1474347,12/3/2023 11:07:17 PM
9B21M034,,1.0,WHITE,NORTH AMERICA,WOMAN,,9B21M034,552832,12/3/2023 11:07:17 PM
9B21M035,,1.0,BLACK,WESTERN AFRICA,MAN,,9B21M035,2639945,12/3/2023 11:07:18 PM
9B21M036,,0.0,,,,,9B21M036,92498,12/3/2023 11:07:18 PM
,,,,,,,9B21M037,93575,12/3/2023 11:07:18 PM
9B21M038,,1.0,BROWN,SOUTHERN ASIA,MAN,,9B21M038,96326,12/3/2023 11:07:18 PM
9B21M039,,1.0,ASIAN,NORTH AMERICA,MAN,,9B21M039,96196,12/3/2023 11:07:18 PM
9B21M040,,0.0,,,,,9B21M040,55697,12/3/2023 11:07:18 PM
9B21M041,,1.0,ASIAN,SOUTHEASTERN ASIA,MAN,,9B21M041,126630,12/3/2023 11:07:18 PM
9B21M042,,,,,,,9B21M042,137111,12/3/2023 11:07:19 PM
9B21M043,,1.0,WHITE,NORTH AMERICA,MAN,,9B21M043,106520,12/3/2023 11:07:19 PM
9B21M044,,0.0,,,,,9B21M044,150162,12/3/2023 11:07:19 PM
9B21M045,,1.0,BROWN,SOUTHERN ASIA,MAN,,9B21M045,92718,12/3/2023 11:07:19 PM
9B21M046,,0.0,,,,,9B21M046,5230469,12/3/2023 11:07:19 PM
9B21M047,,1.0,BROWN,SOUTHERN ASIA,MAN,,9B21M047,1310517,12/3/2023 11:07:21 PM
9B21M048,,1.0,WHITE,WESTERN EUROPE,MAN,,9B21M048,87016,12/3/2023 11:07:21 PM
,,,,,,,9B21M049,242194,12/3/2023 11:07:21 PM
9B21M050,,1.0,WHITE,NORTH AMERICA,WOMAN,,9B21M050,307512,12/3/2023 11:07:21 PM
9B21M051,,1.0,WHITE,SOUTHERN AFRICA,MAN,,9B21M051,81332,12/3/2023 11:07:21 PM
9B21M052,,1.0,BROWN,SOUTHERN ASIA,MAN,,9B21M052,417620,12/3/2023 11:07:21 PM
9B21M053,,1.0,BROWN,SOUTHERN ASIA,MAN,,9B21M053,336185,12/3/2023 11:07:21 PM
9B21M054,,1.0,BROWN,SOUTHERN ASIA,MAN,,9B21M054,82957,12/3/2023 11:07:22 PM
9B21M055,,1.0,INDIGENOUS,NORTH AMERICA,WOMAN,,9B21M055,1209008,12/3/2023 11:07:22 PM
9B21M056,,0.0,,,,,9B21M056,119697,12/3/2023 11:07:22 PM
9B21M057,,1.0,WHITE,NORTH AMERICA,MAN,,9B21M057,125295,12/3/2023 11:07:22 PM
9B21M058,,1.0,WHITE,NORTH AMERICA,WOMAN,,9B21M058,106995,12/3/2023 11:07:22 PM
9B21M059,,1.0,ASIAN,EASTERN ASIA,,,9B21M059,89364,12/3/2023 11:07:22 PM
9B21M060,,0.0,,,,,9B21M060,155748,12/3/2023 11:07:22 PM
9B21M061,,1.0,ASIAN,EASTERN ASIA,MAN,,9B21M061,104261,12/3/2023 11:07:23 PM
9B21M062,,0.0,,,,,9B21M062,181747,12/3/2023 11:07:23 PM
9B21M063,,1.0,WHITE,NORTH AMERICA,MAN,,9B21M063,603246,12/3/2023 11:07:23 PM
9B21M064,,1.0,ASIAN,EASTERN ASIA,MAN,,9B21M064,103183,12/3/2023 11:07:23 PM
,,,,,,,9B21M065,175442,12/3/2023 11:07:23 PM
9B21M066,,0.0,,,,,9B21M066,1161443,12/3/2023 11:07:23 PM
,,,,,,,9B21M067,559344,12/3/2023 11:07:23 PM
9B21M068,,0.0,,,,,9B21M068,82787,12/3/2023 11:07:23 PM
,,,,,,,9B21M069,348289,12/3/2023 11:07:23 PM
9B21M070,,1.0,WHITE,SOUTHERN AFRICA,WOMAN,,9B21M070,126092,12/3/2023 11:07:23 PM
,,,,,,,9B21M071,1866306,12/3/2023 11:07:24 PM
,,,,,,,9B21M072,103046,12/3/2023 11:07:24 PM
,,,,,,,9B21M073,1731742,12/3/2023 11:07:24 PM
,,,,,,,9B21M074,1224441,12/3/2023 11:07:24 PM
,,,,,,,9B21M075,107322,12/3/2023 11:07:24 PM
,,,,,,,9B21M076,66730,12/3/2023 11:07:24 PM
9B21N001,,1.0,ASIAN,EASTERN ASIA,MAN,,9B21N001,778732,12/3/2023 11:07:24 PM
9B21N002,,1.0,WHITE,NORTH AMERICA,MAN,,9B21N002,248375,12/3/2023 11:07:25 PM
9B21N003,,1.0,BROWN,SOUTHERN ASIA,MAN,,9B21N003,117272,12/3/2023 11:07:25 PM
,,,,,,,9B21N004,149356,12/3/2023 11:07:25 PM
,,,,,,,9B21N005,87283,12/3/2023 11:07:25 PM
9B21N006,,1.0,,UNKNOWN,MAN,,9B21N006,146501,12/3/2023 11:07:25 PM
,,,,,,,9B21N007,1968187,12/3/2023 11:07:25 PM
,,,,,,,9B21N008,14963054,12/3/2023 11:07:26 PM
,,,,,,,9B21N009,70870,12/3/2023 11:07:26 PM
,,,,,,,9B21N010,167542,12/3/2023 11:07:26 PM
,,,,,,,renamed_,0,12/5/2023 3:06:20 PM
